runtime,python,free_threaded_build,gil_enabled,numpy,build,commit,experiment,label,waiters,consumers,consumer_loop,kernel,width,height,events_per_call,interval_ms,metric,unit,median,run_min,run_max,runs
cpython-3.11.14,3.11.14,False,True,2.4.6,baseline,e63150e,M1,B,0,,,event_count,346,260,1,0,median_ns,ns,16791,15875,17208,5
cpython-3.11.14,3.11.14,False,True,2.4.6,baseline,e63150e,M1,B,0,,,event_count,346,260,1,0,p95_ns,ns,17250,16959,17583,5
cpython-3.11.14,3.11.14,False,True,2.4.6,baseline,e63150e,M1,B,0,,,event_count,346,260,1,0,p99_ns,ns,18958,18542,19375,5
cpython-3.11.14,3.11.14,False,True,2.4.6,baseline,e63150e,M1,B',0,,,event_count,346,260,1,0,median_ns,ns,16708,16334,16833,5
cpython-3.11.14,3.11.14,False,True,2.4.6,baseline,e63150e,M1,B',0,,,event_count,346,260,1,0,p95_ns,ns,17333,17042,17583,5
cpython-3.11.14,3.11.14,False,True,2.4.6,baseline,e63150e,M1,B',0,,,event_count,346,260,1,0,p99_ns,ns,18667,18500,19375,5
cpython-3.11.14,3.11.14,False,True,2.4.6,feature,dcc1fa1,M1,F0,0,,,event_count,346,260,1,0,median_ns,ns,17042,16583,17500,5
cpython-3.11.14,3.11.14,False,True,2.4.6,feature,dcc1fa1,M1,F0,0,,,event_count,346,260,1,0,p95_ns,ns,17583,17500,18000,5
cpython-3.11.14,3.11.14,False,True,2.4.6,feature,dcc1fa1,M1,F0,0,,,event_count,346,260,1,0,p99_ns,ns,19000,18750,19833,5
cpython-3.11.14,3.11.14,False,True,2.4.6,feature,dcc1fa1,M1,F1,1,,,event_count,346,260,1,0,median_ns,ns,20917,20708,23000,5
cpython-3.11.14,3.11.14,False,True,2.4.6,feature,dcc1fa1,M1,F1,1,,,event_count,346,260,1,0,p95_ns,ns,26166,24791,28125,5
cpython-3.11.14,3.11.14,False,True,2.4.6,feature,dcc1fa1,M1,F1,1,,,event_count,346,260,1,0,p99_ns,ns,30375,26792,31917,5
cpython-3.11.14,3.11.14,False,True,2.4.6,feature,dcc1fa1,M1,F4,4,,,event_count,346,260,1,0,median_ns,ns,34958,34375,35230,5
cpython-3.11.14,3.11.14,False,True,2.4.6,feature,dcc1fa1,M1,F4,4,,,event_count,346,260,1,0,p95_ns,ns,45667,44417,45791,5
cpython-3.11.14,3.11.14,False,True,2.4.6,feature,dcc1fa1,M1,F4,4,,,event_count,346,260,1,0,p99_ns,ns,49500,48917,49625,5
cpython-3.11.14,3.11.14,False,True,2.4.6,feature,dcc1fa1,M1,F8,8,,,event_count,346,260,1,0,median_ns,ns,54917,54583,55125,5
cpython-3.11.14,3.11.14,False,True,2.4.6,feature,dcc1fa1,M1,F8,8,,,event_count,346,260,1,0,p95_ns,ns,68750,67625,69000,5
cpython-3.11.14,3.11.14,False,True,2.4.6,feature,dcc1fa1,M1,F8,8,,,event_count,346,260,1,0,p99_ns,ns,77667,75250,78291,5
cpython-3.11.14,3.11.14,False,True,2.4.6,baseline,e63150e,M1,B,0,,,event_count,1280,720,1,0,median_ns,ns,204417,201583,210250,5
cpython-3.11.14,3.11.14,False,True,2.4.6,baseline,e63150e,M1,B,0,,,event_count,1280,720,1,0,p95_ns,ns,241708,227125,264459,5
cpython-3.11.14,3.11.14,False,True,2.4.6,baseline,e63150e,M1,B,0,,,event_count,1280,720,1,0,p99_ns,ns,269583,268458,282083,5
cpython-3.11.14,3.11.14,False,True,2.4.6,baseline,e63150e,M1,B',0,,,event_count,1280,720,1,0,median_ns,ns,208042,206583,211291,5
cpython-3.11.14,3.11.14,False,True,2.4.6,baseline,e63150e,M1,B',0,,,event_count,1280,720,1,0,p95_ns,ns,248375,229167,259333,5
cpython-3.11.14,3.11.14,False,True,2.4.6,baseline,e63150e,M1,B',0,,,event_count,1280,720,1,0,p99_ns,ns,276000,273709,282583,5
cpython-3.11.14,3.11.14,False,True,2.4.6,feature,dcc1fa1,M1,F0,0,,,event_count,1280,720,1,0,median_ns,ns,207417,207041,208500,5
cpython-3.11.14,3.11.14,False,True,2.4.6,feature,dcc1fa1,M1,F0,0,,,event_count,1280,720,1,0,p95_ns,ns,242917,232875,250292,5
cpython-3.11.14,3.11.14,False,True,2.4.6,feature,dcc1fa1,M1,F0,0,,,event_count,1280,720,1,0,p99_ns,ns,274042,271375,275625,5
cpython-3.11.14,3.11.14,False,True,2.4.6,feature,dcc1fa1,M1,F1,1,,,event_count,1280,720,1,0,median_ns,ns,199667,191791,201833,5
cpython-3.11.14,3.11.14,False,True,2.4.6,feature,dcc1fa1,M1,F1,1,,,event_count,1280,720,1,0,p95_ns,ns,220333,216959,263125,5
cpython-3.11.14,3.11.14,False,True,2.4.6,feature,dcc1fa1,M1,F1,1,,,event_count,1280,720,1,0,p99_ns,ns,261417,254583,286875,5
cpython-3.11.14,3.11.14,False,True,2.4.6,feature,dcc1fa1,M1,F4,4,,,event_count,1280,720,1,0,median_ns,ns,199792,197833,200230,5
cpython-3.11.14,3.11.14,False,True,2.4.6,feature,dcc1fa1,M1,F4,4,,,event_count,1280,720,1,0,p95_ns,ns,220375,217458,234917,5
cpython-3.11.14,3.11.14,False,True,2.4.6,feature,dcc1fa1,M1,F4,4,,,event_count,1280,720,1,0,p99_ns,ns,258958,254958,262667,5
cpython-3.11.14,3.11.14,False,True,2.4.6,feature,dcc1fa1,M1,F8,8,,,event_count,1280,720,1,0,median_ns,ns,211834,210750,212146,5
cpython-3.11.14,3.11.14,False,True,2.4.6,feature,dcc1fa1,M1,F8,8,,,event_count,1280,720,1,0,p95_ns,ns,236500,233541,237917,5
cpython-3.11.14,3.11.14,False,True,2.4.6,feature,dcc1fa1,M1,F8,8,,,event_count,1280,720,1,0,p99_ns,ns,266417,264833,268666,5
cpython-3.11.14,3.11.14,False,True,2.4.6,baseline,e63150e,M2,B,0,,,event_count,346,260,10000,0,events_per_s,events/s,198415848,188557857,202521145,5
cpython-3.11.14,3.11.14,False,True,2.4.6,baseline,e63150e,M2,B,0,,,event_count,346,260,10000,0,p50_ns,ns,49833,48459,51750,5
cpython-3.11.14,3.11.14,False,True,2.4.6,baseline,e63150e,M2,B,0,,,event_count,346,260,10000,0,p95_ns,ns,55750,51667,62458,5
cpython-3.11.14,3.11.14,False,True,2.4.6,baseline,e63150e,M2,B,0,,,event_count,346,260,10000,0,p99_ns,ns,78584,75459,88250,5
cpython-3.11.14,3.11.14,False,True,2.4.6,baseline,e63150e,M2,B',0,,,event_count,346,260,10000,0,events_per_s,events/s,198010000,195055575,203390189,5
cpython-3.11.14,3.11.14,False,True,2.4.6,baseline,e63150e,M2,B',0,,,event_count,346,260,10000,0,p50_ns,ns,49167,47542,50917,5
cpython-3.11.14,3.11.14,False,True,2.4.6,baseline,e63150e,M2,B',0,,,event_count,346,260,10000,0,p95_ns,ns,56375,52458,60292,5
cpython-3.11.14,3.11.14,False,True,2.4.6,baseline,e63150e,M2,B',0,,,event_count,346,260,10000,0,p99_ns,ns,85916,76541,90334,5
cpython-3.11.14,3.11.14,False,True,2.4.6,feature,dcc1fa1,M2,F0,0,,,event_count,346,260,10000,0,events_per_s,events/s,191384410,190542826,198295059,5
cpython-3.11.14,3.11.14,False,True,2.4.6,feature,dcc1fa1,M2,F0,0,,,event_count,346,260,10000,0,p50_ns,ns,51084,48208,51791,5
cpython-3.11.14,3.11.14,False,True,2.4.6,feature,dcc1fa1,M2,F0,0,,,event_count,346,260,10000,0,p95_ns,ns,56584,55083,61916,5
cpython-3.11.14,3.11.14,False,True,2.4.6,feature,dcc1fa1,M2,F0,0,,,event_count,346,260,10000,0,p99_ns,ns,82500,75083,86375,5
cpython-3.11.14,3.11.14,False,True,2.4.6,feature,dcc1fa1,M2,F1,1,,,event_count,346,260,10000,0,events_per_s,events/s,174776897,171335737,178380243,5
cpython-3.11.14,3.11.14,False,True,2.4.6,feature,dcc1fa1,M2,F1,1,,,event_count,346,260,10000,0,p50_ns,ns,52833,52042,53292,5
cpython-3.11.14,3.11.14,False,True,2.4.6,feature,dcc1fa1,M2,F1,1,,,event_count,346,260,10000,0,p95_ns,ns,72291,66542,84834,5
cpython-3.11.14,3.11.14,False,True,2.4.6,feature,dcc1fa1,M2,F1,1,,,event_count,346,260,10000,0,p99_ns,ns,115209,104917,126000,5
cpython-3.11.14,3.11.14,False,True,2.4.6,feature,dcc1fa1,M2,F4,4,,,event_count,346,260,10000,0,events_per_s,events/s,110270823,108324617,111810898,5
cpython-3.11.14,3.11.14,False,True,2.4.6,feature,dcc1fa1,M2,F4,4,,,event_count,346,260,10000,0,p50_ns,ns,86875,85709,91166,5
cpython-3.11.14,3.11.14,False,True,2.4.6,feature,dcc1fa1,M2,F4,4,,,event_count,346,260,10000,0,p95_ns,ns,121416,119500,130959,5
cpython-3.11.14,3.11.14,False,True,2.4.6,feature,dcc1fa1,M2,F4,4,,,event_count,346,260,10000,0,p99_ns,ns,146750,137208,167000,5
cpython-3.11.14,3.11.14,False,True,2.4.6,feature,dcc1fa1,M2,F8,8,,,event_count,346,260,10000,0,events_per_s,events/s,87252376,86231785,87827202,5
cpython-3.11.14,3.11.14,False,True,2.4.6,feature,dcc1fa1,M2,F8,8,,,event_count,346,260,10000,0,p50_ns,ns,110542,107625,115625,5
cpython-3.11.14,3.11.14,False,True,2.4.6,feature,dcc1fa1,M2,F8,8,,,event_count,346,260,10000,0,p95_ns,ns,156500,151625,163875,5
cpython-3.11.14,3.11.14,False,True,2.4.6,feature,dcc1fa1,M2,F8,8,,,event_count,346,260,10000,0,p99_ns,ns,194416,174708,223584,5
cpython-3.11.14,3.11.14,False,True,2.4.6,baseline,e63150e,M2,B,0,,,event_count,346,260,100000,0,events_per_s,events/s,287072755,283419880,292966847,5
cpython-3.11.14,3.11.14,False,True,2.4.6,baseline,e63150e,M2,B,0,,,event_count,346,260,100000,0,p50_ns,ns,338750,331708,342000,5
cpython-3.11.14,3.11.14,False,True,2.4.6,baseline,e63150e,M2,B,0,,,event_count,346,260,100000,0,p95_ns,ns,385417,372542,396166,5
cpython-3.11.14,3.11.14,False,True,2.4.6,baseline,e63150e,M2,B,0,,,event_count,346,260,100000,0,p99_ns,ns,389292,380125,397459,5
cpython-3.11.14,3.11.14,False,True,2.4.6,baseline,e63150e,M2,B',0,,,event_count,346,260,100000,0,events_per_s,events/s,289165350,286261126,295854312,5
cpython-3.11.14,3.11.14,False,True,2.4.6,baseline,e63150e,M2,B',0,,,event_count,346,260,100000,0,p50_ns,ns,335000,329625,336916,5
cpython-3.11.14,3.11.14,False,True,2.4.6,baseline,e63150e,M2,B',0,,,event_count,346,260,100000,0,p95_ns,ns,380625,372458,397125,5
cpython-3.11.14,3.11.14,False,True,2.4.6,baseline,e63150e,M2,B',0,,,event_count,346,260,100000,0,p99_ns,ns,386709,382375,420709,5
cpython-3.11.14,3.11.14,False,True,2.4.6,feature,dcc1fa1,M2,F0,0,,,event_count,346,260,100000,0,events_per_s,events/s,288706231,287290980,292346073,5
cpython-3.11.14,3.11.14,False,True,2.4.6,feature,dcc1fa1,M2,F0,0,,,event_count,346,260,100000,0,p50_ns,ns,337125,333208,337833,5
cpython-3.11.14,3.11.14,False,True,2.4.6,feature,dcc1fa1,M2,F0,0,,,event_count,346,260,100000,0,p95_ns,ns,384625,379000,388042,5
cpython-3.11.14,3.11.14,False,True,2.4.6,feature,dcc1fa1,M2,F0,0,,,event_count,346,260,100000,0,p99_ns,ns,385667,380458,391250,5
cpython-3.11.14,3.11.14,False,True,2.4.6,feature,dcc1fa1,M2,F1,1,,,event_count,346,260,100000,0,events_per_s,events/s,303687695,286324320,305779212,5
cpython-3.11.14,3.11.14,False,True,2.4.6,feature,dcc1fa1,M2,F1,1,,,event_count,346,260,100000,0,p50_ns,ns,323125,319833,342042,5
cpython-3.11.14,3.11.14,False,True,2.4.6,feature,dcc1fa1,M2,F1,1,,,event_count,346,260,100000,0,p95_ns,ns,346208,345334,399000,5
cpython-3.11.14,3.11.14,False,True,2.4.6,feature,dcc1fa1,M2,F1,1,,,event_count,346,260,100000,0,p99_ns,ns,397417,397209,431542,5
cpython-3.11.14,3.11.14,False,True,2.4.6,feature,dcc1fa1,M2,F4,4,,,event_count,346,260,100000,0,events_per_s,events/s,278719696,264580852,281224773,5
cpython-3.11.14,3.11.14,False,True,2.4.6,feature,dcc1fa1,M2,F4,4,,,event_count,346,260,100000,0,p50_ns,ns,350708,345584,371125,5
cpython-3.11.14,3.11.14,False,True,2.4.6,feature,dcc1fa1,M2,F4,4,,,event_count,346,260,100000,0,p95_ns,ns,409917,394209,418834,5
cpython-3.11.14,3.11.14,False,True,2.4.6,feature,dcc1fa1,M2,F4,4,,,event_count,346,260,100000,0,p99_ns,ns,417167,413541,432250,5
cpython-3.11.14,3.11.14,False,True,2.4.6,feature,dcc1fa1,M2,F8,8,,,event_count,346,260,100000,0,events_per_s,events/s,257935548,249433568,258959782,5
cpython-3.11.14,3.11.14,False,True,2.4.6,feature,dcc1fa1,M2,F8,8,,,event_count,346,260,100000,0,p50_ns,ns,382834,379375,390834,5
cpython-3.11.14,3.11.14,False,True,2.4.6,feature,dcc1fa1,M2,F8,8,,,event_count,346,260,100000,0,p95_ns,ns,442625,441500,453917,5
cpython-3.11.14,3.11.14,False,True,2.4.6,feature,dcc1fa1,M2,F8,8,,,event_count,346,260,100000,0,p99_ns,ns,462958,447750,489000,5
cpython-3.11.14,3.11.14,False,True,2.4.6,baseline,e63150e,M2,B,0,,,event_count,346,260,100000,16,events_per_s,events/s,305490240,298922943,312282524,5
cpython-3.11.14,3.11.14,False,True,2.4.6,baseline,e63150e,M2,B,0,,,event_count,346,260,100000,16,p50_ns,ns,324792,318750,331417,5
cpython-3.11.14,3.11.14,False,True,2.4.6,baseline,e63150e,M2,B,0,,,event_count,346,260,100000,16,p95_ns,ns,339417,333916,344333,5
cpython-3.11.14,3.11.14,False,True,2.4.6,baseline,e63150e,M2,B,0,,,event_count,346,260,100000,16,p99_ns,ns,346625,339250,349125,5
cpython-3.11.14,3.11.14,False,True,2.4.6,baseline,e63150e,M2,B',0,,,event_count,346,260,100000,16,events_per_s,events/s,311773349,302741735,315162210,5
cpython-3.11.14,3.11.14,False,True,2.4.6,baseline,e63150e,M2,B',0,,,event_count,346,260,100000,16,p50_ns,ns,318250,316792,327084,5
cpython-3.11.14,3.11.14,False,True,2.4.6,baseline,e63150e,M2,B',0,,,event_count,346,260,100000,16,p95_ns,ns,334084,331125,341958,5
cpython-3.11.14,3.11.14,False,True,2.4.6,baseline,e63150e,M2,B',0,,,event_count,346,260,100000,16,p99_ns,ns,339625,338042,345333,5
cpython-3.11.14,3.11.14,False,True,2.4.6,feature,dcc1fa1,M2,F0,0,,,event_count,346,260,100000,16,events_per_s,events/s,301545420,299727443,311863409,5
cpython-3.11.14,3.11.14,False,True,2.4.6,feature,dcc1fa1,M2,F0,0,,,event_count,346,260,100000,16,p50_ns,ns,328125,318459,330542,5
cpython-3.11.14,3.11.14,False,True,2.4.6,feature,dcc1fa1,M2,F0,0,,,event_count,346,260,100000,16,p95_ns,ns,346000,335875,349250,5
cpython-3.11.14,3.11.14,False,True,2.4.6,feature,dcc1fa1,M2,F0,0,,,event_count,346,260,100000,16,p99_ns,ns,350750,337084,351125,5
cpython-3.11.14,3.11.14,False,True,2.4.6,feature,dcc1fa1,M2,F1,1,,,event_count,346,260,100000,16,events_per_s,events/s,316863031,309560649,318413182,5
cpython-3.11.14,3.11.14,False,True,2.4.6,feature,dcc1fa1,M2,F1,1,,,event_count,346,260,100000,16,p50_ns,ns,315708,310166,317750,5
cpython-3.11.14,3.11.14,False,True,2.4.6,feature,dcc1fa1,M2,F1,1,,,event_count,346,260,100000,16,p95_ns,ns,345166,344875,360292,5
cpython-3.11.14,3.11.14,False,True,2.4.6,feature,dcc1fa1,M2,F1,1,,,event_count,346,260,100000,16,p99_ns,ns,364209,355542,380708,5
cpython-3.11.14,3.11.14,False,True,2.4.6,feature,dcc1fa1,M2,F4,4,,,event_count,346,260,100000,16,events_per_s,events/s,300603070,296314668,313442753,5
cpython-3.11.14,3.11.14,False,True,2.4.6,feature,dcc1fa1,M2,F4,4,,,event_count,346,260,100000,16,p50_ns,ns,326000,313625,330375,5
cpython-3.11.14,3.11.14,False,True,2.4.6,feature,dcc1fa1,M2,F4,4,,,event_count,346,260,100000,16,p95_ns,ns,369666,357708,380542,5
cpython-3.11.14,3.11.14,False,True,2.4.6,feature,dcc1fa1,M2,F4,4,,,event_count,346,260,100000,16,p99_ns,ns,379833,375750,391416,5
cpython-3.11.14,3.11.14,False,True,2.4.6,feature,dcc1fa1,M2,F8,8,,,event_count,346,260,100000,16,events_per_s,events/s,305813297,289835834,311285113,5
cpython-3.11.14,3.11.14,False,True,2.4.6,feature,dcc1fa1,M2,F8,8,,,event_count,346,260,100000,16,p50_ns,ns,312958,303875,334667,5
cpython-3.11.14,3.11.14,False,True,2.4.6,feature,dcc1fa1,M2,F8,8,,,event_count,346,260,100000,16,p95_ns,ns,388083,371292,396375,5
cpython-3.11.14,3.11.14,False,True,2.4.6,feature,dcc1fa1,M2,F8,8,,,event_count,346,260,100000,16,p99_ns,ns,419542,399666,424000,5
cpython-3.11.14,3.11.14,False,True,2.4.6,baseline,e63150e,M2,B,0,,,event_count,640,480,10000,0,events_per_s,events/s,140183444,135672913,142595704,5
cpython-3.11.14,3.11.14,False,True,2.4.6,baseline,e63150e,M2,B,0,,,event_count,640,480,10000,0,p50_ns,ns,70083,68958,71333,5
cpython-3.11.14,3.11.14,False,True,2.4.6,baseline,e63150e,M2,B,0,,,event_count,640,480,10000,0,p95_ns,ns,75542,74000,77583,5
cpython-3.11.14,3.11.14,False,True,2.4.6,baseline,e63150e,M2,B,0,,,event_count,640,480,10000,0,p99_ns,ns,142208,131459,145167,5
cpython-3.11.14,3.11.14,False,True,2.4.6,baseline,e63150e,M2,B',0,,,event_count,640,480,10000,0,events_per_s,events/s,140016724,137761692,145493146,5
cpython-3.11.14,3.11.14,False,True,2.4.6,baseline,e63150e,M2,B',0,,,event_count,640,480,10000,0,p50_ns,ns,70208,65958,70375,5
cpython-3.11.14,3.11.14,False,True,2.4.6,baseline,e63150e,M2,B',0,,,event_count,640,480,10000,0,p95_ns,ns,76292,73125,77250,5
cpython-3.11.14,3.11.14,False,True,2.4.6,baseline,e63150e,M2,B',0,,,event_count,640,480,10000,0,p99_ns,ns,141375,136250,149666,5
cpython-3.11.14,3.11.14,False,True,2.4.6,feature,dcc1fa1,M2,F0,0,,,event_count,640,480,10000,0,events_per_s,events/s,143693563,137912012,144860984,5
cpython-3.11.14,3.11.14,False,True,2.4.6,feature,dcc1fa1,M2,F0,0,,,event_count,640,480,10000,0,p50_ns,ns,67709,66416,71334,5
cpython-3.11.14,3.11.14,False,True,2.4.6,feature,dcc1fa1,M2,F0,0,,,event_count,640,480,10000,0,p95_ns,ns,75375,73000,77250,5
cpython-3.11.14,3.11.14,False,True,2.4.6,feature,dcc1fa1,M2,F0,0,,,event_count,640,480,10000,0,p99_ns,ns,134208,132000,138917,5
cpython-3.11.14,3.11.14,False,True,2.4.6,feature,dcc1fa1,M2,F1,1,,,event_count,640,480,10000,0,events_per_s,events/s,133797271,126372947,136649283,5
cpython-3.11.14,3.11.14,False,True,2.4.6,feature,dcc1fa1,M2,F1,1,,,event_count,640,480,10000,0,p50_ns,ns,73708,68333,76667,5
cpython-3.11.14,3.11.14,False,True,2.4.6,feature,dcc1fa1,M2,F1,1,,,event_count,640,480,10000,0,p95_ns,ns,84792,77542,93625,5
cpython-3.11.14,3.11.14,False,True,2.4.6,feature,dcc1fa1,M2,F1,1,,,event_count,640,480,10000,0,p99_ns,ns,150250,146333,160083,5
cpython-3.11.14,3.11.14,False,True,2.4.6,feature,dcc1fa1,M2,F4,4,,,event_count,640,480,10000,0,events_per_s,events/s,84261317,80515881,89028089,5
cpython-3.11.14,3.11.14,False,True,2.4.6,feature,dcc1fa1,M2,F4,4,,,event_count,640,480,10000,0,p50_ns,ns,118209,105583,124541,5
cpython-3.11.14,3.11.14,False,True,2.4.6,feature,dcc1fa1,M2,F4,4,,,event_count,640,480,10000,0,p95_ns,ns,160250,158375,166292,5
cpython-3.11.14,3.11.14,False,True,2.4.6,feature,dcc1fa1,M2,F4,4,,,event_count,640,480,10000,0,p99_ns,ns,182125,171875,183792,5
cpython-3.11.14,3.11.14,False,True,2.4.6,feature,dcc1fa1,M2,F8,8,,,event_count,640,480,10000,0,events_per_s,events/s,68605174,66920169,69981876,5
cpython-3.11.14,3.11.14,False,True,2.4.6,feature,dcc1fa1,M2,F8,8,,,event_count,640,480,10000,0,p50_ns,ns,142750,136333,149542,5
cpython-3.11.14,3.11.14,False,True,2.4.6,feature,dcc1fa1,M2,F8,8,,,event_count,640,480,10000,0,p95_ns,ns,206083,191916,208000,5
cpython-3.11.14,3.11.14,False,True,2.4.6,feature,dcc1fa1,M2,F8,8,,,event_count,640,480,10000,0,p99_ns,ns,244250,229042,255750,5
cpython-3.11.14,3.11.14,False,True,2.4.6,baseline,e63150e,M2,B,0,,,event_count,640,480,100000,0,events_per_s,events/s,272862129,272310984,277715060,5
cpython-3.11.14,3.11.14,False,True,2.4.6,baseline,e63150e,M2,B,0,,,event_count,640,480,100000,0,p50_ns,ns,358834,351458,360250,5
cpython-3.11.14,3.11.14,False,True,2.4.6,baseline,e63150e,M2,B,0,,,event_count,640,480,100000,0,p95_ns,ns,412750,409208,423625,5
cpython-3.11.14,3.11.14,False,True,2.4.6,baseline,e63150e,M2,B,0,,,event_count,640,480,100000,0,p99_ns,ns,421083,413667,442250,5
cpython-3.11.14,3.11.14,False,True,2.4.6,baseline,e63150e,M2,B',0,,,event_count,640,480,100000,0,events_per_s,events/s,267727152,265003118,273266042,5
cpython-3.11.14,3.11.14,False,True,2.4.6,baseline,e63150e,M2,B',0,,,event_count,640,480,100000,0,p50_ns,ns,364083,358833,369083,5
cpython-3.11.14,3.11.14,False,True,2.4.6,baseline,e63150e,M2,B',0,,,event_count,640,480,100000,0,p95_ns,ns,430625,419083,454209,5
cpython-3.11.14,3.11.14,False,True,2.4.6,baseline,e63150e,M2,B',0,,,event_count,640,480,100000,0,p99_ns,ns,441833,432542,456625,5
cpython-3.11.14,3.11.14,False,True,2.4.6,feature,dcc1fa1,M2,F0,0,,,event_count,640,480,100000,0,events_per_s,events/s,264534344,260559465,275431560,5
cpython-3.11.14,3.11.14,False,True,2.4.6,feature,dcc1fa1,M2,F0,0,,,event_count,640,480,100000,0,p50_ns,ns,369250,356916,373208,5
cpython-3.11.14,3.11.14,False,True,2.4.6,feature,dcc1fa1,M2,F0,0,,,event_count,640,480,100000,0,p95_ns,ns,425875,419333,456709,5
cpython-3.11.14,3.11.14,False,True,2.4.6,feature,dcc1fa1,M2,F0,0,,,event_count,640,480,100000,0,p99_ns,ns,453917,419792,466292,5
cpython-3.11.14,3.11.14,False,True,2.4.6,feature,dcc1fa1,M2,F1,1,,,event_count,640,480,100000,0,events_per_s,events/s,256683130,243082244,267498873,5
cpython-3.11.14,3.11.14,False,True,2.4.6,feature,dcc1fa1,M2,F1,1,,,event_count,640,480,100000,0,p50_ns,ns,398042,369292,411834,5
cpython-3.11.14,3.11.14,False,True,2.4.6,feature,dcc1fa1,M2,F1,1,,,event_count,640,480,100000,0,p95_ns,ns,426125,413541,479417,5
cpython-3.11.14,3.11.14,False,True,2.4.6,feature,dcc1fa1,M2,F1,1,,,event_count,640,480,100000,0,p99_ns,ns,474875,427375,499375,5
cpython-3.11.14,3.11.14,False,True,2.4.6,feature,dcc1fa1,M2,F4,4,,,event_count,640,480,100000,0,events_per_s,events/s,235483419,223842970,241406210,5
cpython-3.11.14,3.11.14,False,True,2.4.6,feature,dcc1fa1,M2,F4,4,,,event_count,640,480,100000,0,p50_ns,ns,418500,408917,452833,5
cpython-3.11.14,3.11.14,False,True,2.4.6,feature,dcc1fa1,M2,F4,4,,,event_count,640,480,100000,0,p95_ns,ns,474083,459250,489875,5
cpython-3.11.14,3.11.14,False,True,2.4.6,feature,dcc1fa1,M2,F4,4,,,event_count,640,480,100000,0,p99_ns,ns,503417,482000,518708,5
cpython-3.11.14,3.11.14,False,True,2.4.6,feature,dcc1fa1,M2,F8,8,,,event_count,640,480,100000,0,events_per_s,events/s,223255847,216237653,227023363,5
cpython-3.11.14,3.11.14,False,True,2.4.6,feature,dcc1fa1,M2,F8,8,,,event_count,640,480,100000,0,p50_ns,ns,451208,430458,454375,5
cpython-3.11.14,3.11.14,False,True,2.4.6,feature,dcc1fa1,M2,F8,8,,,event_count,640,480,100000,0,p95_ns,ns,491125,481375,552583,5
cpython-3.11.14,3.11.14,False,True,2.4.6,feature,dcc1fa1,M2,F8,8,,,event_count,640,480,100000,0,p99_ns,ns,517708,513083,635000,5
cpython-3.11.14,3.11.14,False,True,2.4.6,baseline,e63150e,M2,B,0,,,event_count,640,480,100000,16,events_per_s,events/s,289034758,285889618,294028444,5
cpython-3.11.14,3.11.14,False,True,2.4.6,baseline,e63150e,M2,B,0,,,event_count,640,480,100000,16,p50_ns,ns,335250,331250,339167,5
cpython-3.11.14,3.11.14,False,True,2.4.6,baseline,e63150e,M2,B,0,,,event_count,640,480,100000,16,p95_ns,ns,374542,366375,377666,5
cpython-3.11.14,3.11.14,False,True,2.4.6,baseline,e63150e,M2,B,0,,,event_count,640,480,100000,16,p99_ns,ns,408708,404416,426625,5
cpython-3.11.14,3.11.14,False,True,2.4.6,baseline,e63150e,M2,B',0,,,event_count,640,480,100000,16,events_per_s,events/s,288552571,284776050,301474444,5
cpython-3.11.14,3.11.14,False,True,2.4.6,baseline,e63150e,M2,B',0,,,event_count,640,480,100000,16,p50_ns,ns,336333,324625,340958,5
cpython-3.11.14,3.11.14,False,True,2.4.6,baseline,e63150e,M2,B',0,,,event_count,640,480,100000,16,p95_ns,ns,374500,362334,379125,5
cpython-3.11.14,3.11.14,False,True,2.4.6,baseline,e63150e,M2,B',0,,,event_count,640,480,100000,16,p99_ns,ns,422708,395750,427250,5
cpython-3.11.14,3.11.14,False,True,2.4.6,feature,dcc1fa1,M2,F0,0,,,event_count,640,480,100000,16,events_per_s,events/s,288642773,285567300,297011257,5
cpython-3.11.14,3.11.14,False,True,2.4.6,feature,dcc1fa1,M2,F0,0,,,event_count,640,480,100000,16,p50_ns,ns,336333,327416,339625,5
cpython-3.11.14,3.11.14,False,True,2.4.6,feature,dcc1fa1,M2,F0,0,,,event_count,640,480,100000,16,p95_ns,ns,372417,366084,378917,5
cpython-3.11.14,3.11.14,False,True,2.4.6,feature,dcc1fa1,M2,F0,0,,,event_count,640,480,100000,16,p99_ns,ns,417917,407500,432125,5
cpython-3.11.14,3.11.14,False,True,2.4.6,feature,dcc1fa1,M2,F1,1,,,event_count,640,480,100000,16,events_per_s,events/s,284589466,275636332,290621978,5
cpython-3.11.14,3.11.14,False,True,2.4.6,feature,dcc1fa1,M2,F1,1,,,event_count,640,480,100000,16,p50_ns,ns,342875,334291,348500,5
cpython-3.11.14,3.11.14,False,True,2.4.6,feature,dcc1fa1,M2,F1,1,,,event_count,640,480,100000,16,p95_ns,ns,401667,378375,439125,5
cpython-3.11.14,3.11.14,False,True,2.4.6,feature,dcc1fa1,M2,F1,1,,,event_count,640,480,100000,16,p99_ns,ns,420791,414125,467541,5
cpython-3.11.14,3.11.14,False,True,2.4.6,feature,dcc1fa1,M2,F4,4,,,event_count,640,480,100000,16,events_per_s,events/s,283396507,281224694,289766715,5
cpython-3.11.14,3.11.14,False,True,2.4.6,feature,dcc1fa1,M2,F4,4,,,event_count,640,480,100000,16,p50_ns,ns,336875,330959,341667,5
cpython-3.11.14,3.11.14,False,True,2.4.6,feature,dcc1fa1,M2,F4,4,,,event_count,640,480,100000,16,p95_ns,ns,418750,410833,433875,5
cpython-3.11.14,3.11.14,False,True,2.4.6,feature,dcc1fa1,M2,F4,4,,,event_count,640,480,100000,16,p99_ns,ns,442875,428750,447667,5
cpython-3.11.14,3.11.14,False,True,2.4.6,feature,dcc1fa1,M2,F8,8,,,event_count,640,480,100000,16,events_per_s,events/s,283172429,272517509,286669838,5
cpython-3.11.14,3.11.14,False,True,2.4.6,feature,dcc1fa1,M2,F8,8,,,event_count,640,480,100000,16,p50_ns,ns,333042,330417,341334,5
cpython-3.11.14,3.11.14,False,True,2.4.6,feature,dcc1fa1,M2,F8,8,,,event_count,640,480,100000,16,p95_ns,ns,440250,435625,462500,5
cpython-3.11.14,3.11.14,False,True,2.4.6,feature,dcc1fa1,M2,F8,8,,,event_count,640,480,100000,16,p99_ns,ns,465166,446625,491750,5
cpython-3.11.14,3.11.14,False,True,2.4.6,baseline,e63150e,M2,B,0,,,event_count,1280,720,10000,0,events_per_s,events/s,42713755,42019451,42974565,5
cpython-3.11.14,3.11.14,False,True,2.4.6,baseline,e63150e,M2,B,0,,,event_count,1280,720,10000,0,p50_ns,ns,228833,222750,232459,5
cpython-3.11.14,3.11.14,False,True,2.4.6,baseline,e63150e,M2,B,0,,,event_count,1280,720,10000,0,p95_ns,ns,258667,249291,283250,5
cpython-3.11.14,3.11.14,False,True,2.4.6,baseline,e63150e,M2,B,0,,,event_count,1280,720,10000,0,p99_ns,ns,334416,319125,340625,5
cpython-3.11.14,3.11.14,False,True,2.4.6,baseline,e63150e,M2,B',0,,,event_count,1280,720,10000,0,events_per_s,events/s,42092563,36805422,43353997,5
cpython-3.11.14,3.11.14,False,True,2.4.6,baseline,e63150e,M2,B',0,,,event_count,1280,720,10000,0,p50_ns,ns,232334,228041,267542,5
cpython-3.11.14,3.11.14,False,True,2.4.6,baseline,e63150e,M2,B',0,,,event_count,1280,720,10000,0,p95_ns,ns,252041,247542,295166,5
cpython-3.11.14,3.11.14,False,True,2.4.6,baseline,e63150e,M2,B',0,,,event_count,1280,720,10000,0,p99_ns,ns,326292,314833,341250,5
cpython-3.11.14,3.11.14,False,True,2.4.6,feature,dcc1fa1,M2,F0,0,,,event_count,1280,720,10000,0,events_per_s,events/s,43269604,43138621,43889340,5
cpython-3.11.14,3.11.14,False,True,2.4.6,feature,dcc1fa1,M2,F0,0,,,event_count,1280,720,10000,0,p50_ns,ns,226583,220583,228083,5
cpython-3.11.14,3.11.14,False,True,2.4.6,feature,dcc1fa1,M2,F0,0,,,event_count,1280,720,10000,0,p95_ns,ns,259250,243250,279166,5
cpython-3.11.14,3.11.14,False,True,2.4.6,feature,dcc1fa1,M2,F0,0,,,event_count,1280,720,10000,0,p99_ns,ns,326333,319084,338000,5
cpython-3.11.14,3.11.14,False,True,2.4.6,feature,dcc1fa1,M2,F1,1,,,event_count,1280,720,10000,0,events_per_s,events/s,44430776,41594891,44917072,5
cpython-3.11.14,3.11.14,False,True,2.4.6,feature,dcc1fa1,M2,F1,1,,,event_count,1280,720,10000,0,p50_ns,ns,218333,217167,234375,5
cpython-3.11.14,3.11.14,False,True,2.4.6,feature,dcc1fa1,M2,F1,1,,,event_count,1280,720,10000,0,p95_ns,ns,252125,239334,255834,5
cpython-3.11.14,3.11.14,False,True,2.4.6,feature,dcc1fa1,M2,F1,1,,,event_count,1280,720,10000,0,p99_ns,ns,321125,301459,325292,5
cpython-3.11.14,3.11.14,False,True,2.4.6,feature,dcc1fa1,M2,F4,4,,,event_count,1280,720,10000,0,events_per_s,events/s,40300633,39659326,40438348,5
cpython-3.11.14,3.11.14,False,True,2.4.6,feature,dcc1fa1,M2,F4,4,,,event_count,1280,720,10000,0,p50_ns,ns,239958,237542,243000,5
cpython-3.11.14,3.11.14,False,True,2.4.6,feature,dcc1fa1,M2,F4,4,,,event_count,1280,720,10000,0,p95_ns,ns,312833,294709,325459,5
cpython-3.11.14,3.11.14,False,True,2.4.6,feature,dcc1fa1,M2,F4,4,,,event_count,1280,720,10000,0,p99_ns,ns,338708,322833,358125,5
cpython-3.11.14,3.11.14,False,True,2.4.6,feature,dcc1fa1,M2,F8,8,,,event_count,1280,720,10000,0,events_per_s,events/s,36957983,36114217,37458091,5
cpython-3.11.14,3.11.14,False,True,2.4.6,feature,dcc1fa1,M2,F8,8,,,event_count,1280,720,10000,0,p50_ns,ns,262833,259125,276792,5
cpython-3.11.14,3.11.14,False,True,2.4.6,feature,dcc1fa1,M2,F8,8,,,event_count,1280,720,10000,0,p95_ns,ns,325458,321833,359250,5
cpython-3.11.14,3.11.14,False,True,2.4.6,feature,dcc1fa1,M2,F8,8,,,event_count,1280,720,10000,0,p99_ns,ns,407166,359500,472834,5
cpython-3.11.14,3.11.14,False,True,2.4.6,baseline,e63150e,M2,B,0,,,event_count,1280,720,100000,0,events_per_s,events/s,233863451,227588455,243392887,5
cpython-3.11.14,3.11.14,False,True,2.4.6,baseline,e63150e,M2,B,0,,,event_count,1280,720,100000,0,p50_ns,ns,418167,400833,427709,5
cpython-3.11.14,3.11.14,False,True,2.4.6,baseline,e63150e,M2,B,0,,,event_count,1280,720,100000,0,p95_ns,ns,438916,417792,447708,5
cpython-3.11.14,3.11.14,False,True,2.4.6,baseline,e63150e,M2,B,0,,,event_count,1280,720,100000,0,p99_ns,ns,600750,594583,653958,5
cpython-3.11.14,3.11.14,False,True,2.4.6,baseline,e63150e,M2,B',0,,,event_count,1280,720,100000,0,events_per_s,events/s,229759588,226898886,234924402,5
cpython-3.11.14,3.11.14,False,True,2.4.6,baseline,e63150e,M2,B',0,,,event_count,1280,720,100000,0,p50_ns,ns,423625,411667,427750,5
cpython-3.11.14,3.11.14,False,True,2.4.6,baseline,e63150e,M2,B',0,,,event_count,1280,720,100000,0,p95_ns,ns,434917,433292,445208,5
cpython-3.11.14,3.11.14,False,True,2.4.6,baseline,e63150e,M2,B',0,,,event_count,1280,720,100000,0,p99_ns,ns,635584,614083,662084,5
cpython-3.11.14,3.11.14,False,True,2.4.6,feature,dcc1fa1,M2,F0,0,,,event_count,1280,720,100000,0,events_per_s,events/s,237755559,233326816,241842794,5
cpython-3.11.14,3.11.14,False,True,2.4.6,feature,dcc1fa1,M2,F0,0,,,event_count,1280,720,100000,0,p50_ns,ns,411166,403250,418042,5
cpython-3.11.14,3.11.14,False,True,2.4.6,feature,dcc1fa1,M2,F0,0,,,event_count,1280,720,100000,0,p95_ns,ns,430417,418667,435291,5
cpython-3.11.14,3.11.14,False,True,2.4.6,feature,dcc1fa1,M2,F0,0,,,event_count,1280,720,100000,0,p99_ns,ns,599708,583042,608500,5
cpython-3.11.14,3.11.14,False,True,2.4.6,feature,dcc1fa1,M2,F1,1,,,event_count,1280,720,100000,0,events_per_s,events/s,188687398,173546453,240575022,5
cpython-3.11.14,3.11.14,False,True,2.4.6,feature,dcc1fa1,M2,F1,1,,,event_count,1280,720,100000,0,p50_ns,ns,527917,408625,565917,5
cpython-3.11.14,3.11.14,False,True,2.4.6,feature,dcc1fa1,M2,F1,1,,,event_count,1280,720,100000,0,p95_ns,ns,546875,419042,639541,5
cpython-3.11.14,3.11.14,False,True,2.4.6,feature,dcc1fa1,M2,F1,1,,,event_count,1280,720,100000,0,p99_ns,ns,636334,575083,676334,5
cpython-3.11.14,3.11.14,False,True,2.4.6,feature,dcc1fa1,M2,F4,4,,,event_count,1280,720,100000,0,events_per_s,events/s,186372342,175173547,197522749,5
cpython-3.11.14,3.11.14,False,True,2.4.6,feature,dcc1fa1,M2,F4,4,,,event_count,1280,720,100000,0,p50_ns,ns,535166,515250,560000,5
cpython-3.11.14,3.11.14,False,True,2.4.6,feature,dcc1fa1,M2,F4,4,,,event_count,1280,720,100000,0,p95_ns,ns,620792,568000,654375,5
cpython-3.11.14,3.11.14,False,True,2.4.6,feature,dcc1fa1,M2,F4,4,,,event_count,1280,720,100000,0,p99_ns,ns,700208,633292,725500,5
cpython-3.11.14,3.11.14,False,True,2.4.6,feature,dcc1fa1,M2,F8,8,,,event_count,1280,720,100000,0,events_per_s,events/s,174878647,171329998,177862804,5
cpython-3.11.14,3.11.14,False,True,2.4.6,feature,dcc1fa1,M2,F8,8,,,event_count,1280,720,100000,0,p50_ns,ns,565542,555583,574792,5
cpython-3.11.14,3.11.14,False,True,2.4.6,feature,dcc1fa1,M2,F8,8,,,event_count,1280,720,100000,0,p95_ns,ns,640458,629791,660208,5
cpython-3.11.14,3.11.14,False,True,2.4.6,feature,dcc1fa1,M2,F8,8,,,event_count,1280,720,100000,0,p99_ns,ns,667708,657916,721583,5
cpython-3.11.14,3.11.14,False,True,2.4.6,baseline,e63150e,M2,B,0,,,event_count,1280,720,100000,16,events_per_s,events/s,271834605,270671852,277467958,5
cpython-3.11.14,3.11.14,False,True,2.4.6,baseline,e63150e,M2,B,0,,,event_count,1280,720,100000,16,p50_ns,ns,341709,335416,343292,5
cpython-3.11.14,3.11.14,False,True,2.4.6,baseline,e63150e,M2,B,0,,,event_count,1280,720,100000,16,p95_ns,ns,427833,420042,429584,5
cpython-3.11.14,3.11.14,False,True,2.4.6,baseline,e63150e,M2,B,0,,,event_count,1280,720,100000,16,p99_ns,ns,572000,566375,581541,5
cpython-3.11.14,3.11.14,False,True,2.4.6,baseline,e63150e,M2,B',0,,,event_count,1280,720,100000,16,events_per_s,events/s,278063353,269704583,286964549,5
cpython-3.11.14,3.11.14,False,True,2.4.6,baseline,e63150e,M2,B',0,,,event_count,1280,720,100000,16,p50_ns,ns,335208,327083,344209,5
cpython-3.11.14,3.11.14,False,True,2.4.6,baseline,e63150e,M2,B',0,,,event_count,1280,720,100000,16,p95_ns,ns,421667,417250,430458,5
cpython-3.11.14,3.11.14,False,True,2.4.6,baseline,e63150e,M2,B',0,,,event_count,1280,720,100000,16,p99_ns,ns,552916,533500,597750,5
cpython-3.11.14,3.11.14,False,True,2.4.6,feature,dcc1fa1,M2,F0,0,,,event_count,1280,720,100000,16,events_per_s,events/s,273956297,269594045,278449654,5
cpython-3.11.14,3.11.14,False,True,2.4.6,feature,dcc1fa1,M2,F0,0,,,event_count,1280,720,100000,16,p50_ns,ns,338875,333792,345208,5
cpython-3.11.14,3.11.14,False,True,2.4.6,feature,dcc1fa1,M2,F0,0,,,event_count,1280,720,100000,16,p95_ns,ns,426666,420541,435416,5
cpython-3.11.14,3.11.14,False,True,2.4.6,feature,dcc1fa1,M2,F0,0,,,event_count,1280,720,100000,16,p99_ns,ns,579291,551667,598750,5
cpython-3.11.14,3.11.14,False,True,2.4.6,feature,dcc1fa1,M2,F1,1,,,event_count,1280,720,100000,16,events_per_s,events/s,262878310,250567065,273787365,5
cpython-3.11.14,3.11.14,False,True,2.4.6,feature,dcc1fa1,M2,F1,1,,,event_count,1280,720,100000,16,p50_ns,ns,341625,336625,369667,5
cpython-3.11.14,3.11.14,False,True,2.4.6,feature,dcc1fa1,M2,F1,1,,,event_count,1280,720,100000,16,p95_ns,ns,522791,435083,529584,5
cpython-3.11.14,3.11.14,False,True,2.4.6,feature,dcc1fa1,M2,F1,1,,,event_count,1280,720,100000,16,p99_ns,ns,578500,538416,587125,5
cpython-3.11.14,3.11.14,False,True,2.4.6,feature,dcc1fa1,M2,F4,4,,,event_count,1280,720,100000,16,events_per_s,events/s,250416051,249449061,259940633,5
cpython-3.11.14,3.11.14,False,True,2.4.6,feature,dcc1fa1,M2,F4,4,,,event_count,1280,720,100000,16,p50_ns,ns,347250,345583,359584,5
cpython-3.11.14,3.11.14,False,True,2.4.6,feature,dcc1fa1,M2,F4,4,,,event_count,1280,720,100000,16,p95_ns,ns,576708,549709,585916,5
cpython-3.11.14,3.11.14,False,True,2.4.6,feature,dcc1fa1,M2,F4,4,,,event_count,1280,720,100000,16,p99_ns,ns,599083,580542,629625,5
cpython-3.11.14,3.11.14,False,True,2.4.6,feature,dcc1fa1,M2,F8,8,,,event_count,1280,720,100000,16,events_per_s,events/s,248547535,247454574,254748658,5
cpython-3.11.14,3.11.14,False,True,2.4.6,feature,dcc1fa1,M2,F8,8,,,event_count,1280,720,100000,16,p50_ns,ns,352166,336292,356708,5
cpython-3.11.14,3.11.14,False,True,2.4.6,feature,dcc1fa1,M2,F8,8,,,event_count,1280,720,100000,16,p95_ns,ns,601875,584291,623584,5
cpython-3.11.14,3.11.14,False,True,2.4.6,feature,dcc1fa1,M2,F8,8,,,event_count,1280,720,100000,16,p99_ns,ns,639667,622417,655708,5
cpython-3.11.14,3.11.14,False,True,2.4.6,feature,dcc1fa1,M3,WAIT1,,1,wait_for_newer,event_count,1280,720,100000,16,step_p99_us,us,653.167,626.75,659.625,5
cpython-3.11.14,3.11.14,False,True,2.4.6,feature,dcc1fa1,M3,WAIT1,,1,wait_for_newer,event_count,1280,720,100000,16,busy_ns_per_event,ns,4.48412,4.44665,4.55509,5
cpython-3.11.14,3.11.14,False,True,2.4.6,feature,dcc1fa1,M3,WAIT1,,1,wait_for_newer,event_count,1280,720,100000,16,freshness_p50_ms,ms,0.530042,0.527667,0.540917,5
cpython-3.11.14,3.11.14,False,True,2.4.6,feature,dcc1fa1,M3,WAIT1,,1,wait_for_newer,event_count,1280,720,100000,16,freshness_p95_ms,ms,0.600083,0.588334,0.601584,5
cpython-3.11.14,3.11.14,False,True,2.4.6,feature,dcc1fa1,M3,WAIT1,,1,wait_for_newer,event_count,1280,720,100000,16,post_step_p50_ms,ms,-0.010625,-0.011,-0.010292,5
cpython-3.11.14,3.11.14,False,True,2.4.6,feature,dcc1fa1,M3,WAIT1,,1,wait_for_newer,event_count,1280,720,100000,16,post_step_p95_ms,ms,-0.00675,-0.007125,-0.006458,5
cpython-3.11.14,3.11.14,False,True,2.4.6,feature,dcc1fa1,M3,WAIT1,,1,wait_for_newer,event_count,1280,720,100000,16,achieved_over_offered,ratio,1,1,1,5
cpython-3.11.14,3.11.14,False,True,2.4.6,feature,dcc1fa1,M3,WAIT1,,1,wait_for_newer,event_count,1280,720,100000,16,coverage,ratio,1,1,1,5
cpython-3.11.14,3.11.14,False,True,2.4.6,feature,dcc1fa1,M3,POLL1,,1,snapshot every 16 ms,event_count,1280,720,100000,16,step_p99_us,us,1875.92,1782.92,1976.88,5
cpython-3.11.14,3.11.14,False,True,2.4.6,feature,dcc1fa1,M3,POLL1,,1,snapshot every 16 ms,event_count,1280,720,100000,16,busy_ns_per_event,ns,4.64621,4.61277,4.75567,5
cpython-3.11.14,3.11.14,False,True,2.4.6,feature,dcc1fa1,M3,POLL1,,1,snapshot every 16 ms,event_count,1280,720,100000,16,freshness_p50_ms,ms,6.96204,6.75896,6.97317,5
cpython-3.11.14,3.11.14,False,True,2.4.6,feature,dcc1fa1,M3,POLL1,,1,snapshot every 16 ms,event_count,1280,720,100000,16,freshness_p95_ms,ms,18.6292,16.1345,18.8004,5
cpython-3.11.14,3.11.14,False,True,2.4.6,feature,dcc1fa1,M3,POLL1,,1,snapshot every 16 ms,event_count,1280,720,100000,16,post_step_p50_ms,ms,6.30612,6.07883,6.38829,5
cpython-3.11.14,3.11.14,False,True,2.4.6,feature,dcc1fa1,M3,POLL1,,1,snapshot every 16 ms,event_count,1280,720,100000,16,post_step_p95_ms,ms,18.0952,15.5667,18.1713,5
cpython-3.11.14,3.11.14,False,True,2.4.6,feature,dcc1fa1,M3,POLL1,,1,snapshot every 16 ms,event_count,1280,720,100000,16,achieved_over_offered,ratio,1,1,1,5
cpython-3.11.14,3.11.14,False,True,2.4.6,feature,dcc1fa1,M3,POLL1,,1,snapshot every 16 ms,event_count,1280,720,100000,16,coverage,ratio,0.976331,0.960552,0.998004,5
cpython-3.11.14,3.11.14,False,True,2.4.6,feature,dcc1fa1,M3,WAIT4,,4,wait_for_newer,event_count,1280,720,100000,16,step_p99_us,us,6076.67,5494.29,6333.96,5
cpython-3.11.14,3.11.14,False,True,2.4.6,feature,dcc1fa1,M3,WAIT4,,4,wait_for_newer,event_count,1280,720,100000,16,busy_ns_per_event,ns,10.7282,10.6611,10.7974,5
cpython-3.11.14,3.11.14,False,True,2.4.6,feature,dcc1fa1,M3,WAIT4,,4,wait_for_newer,event_count,1280,720,100000,16,freshness_p50_ms,ms,0.687666,0.659542,0.694458,5
cpython-3.11.14,3.11.14,False,True,2.4.6,feature,dcc1fa1,M3,WAIT4,,4,wait_for_newer,event_count,1280,720,100000,16,freshness_p95_ms,ms,5.187,5.09646,5.31633,5
cpython-3.11.14,3.11.14,False,True,2.4.6,feature,dcc1fa1,M3,WAIT4,,4,wait_for_newer,event_count,1280,720,100000,16,post_step_p50_ms,ms,-0.017208,-0.017417,-0.016708,5
cpython-3.11.14,3.11.14,False,True,2.4.6,feature,dcc1fa1,M3,WAIT4,,4,wait_for_newer,event_count,1280,720,100000,16,post_step_p95_ms,ms,0.174083,0.156208,0.193791,5
cpython-3.11.14,3.11.14,False,True,2.4.6,feature,dcc1fa1,M3,WAIT4,,4,wait_for_newer,event_count,1280,720,100000,16,achieved_over_offered,ratio,1,0.9995,1.0005,5
cpython-3.11.14,3.11.14,False,True,2.4.6,feature,dcc1fa1,M3,WAIT4,,4,wait_for_newer,event_count,1280,720,100000,16,coverage,ratio,1,1,1,5
cpython-3.11.14,3.11.14,False,True,2.4.6,feature,dcc1fa1,M3,POLL4,,4,snapshot every 16 ms,event_count,1280,720,100000,16,step_p99_us,us,3666.75,3442.08,3766.54,5
cpython-3.11.14,3.11.14,False,True,2.4.6,feature,dcc1fa1,M3,POLL4,,4,snapshot every 16 ms,event_count,1280,720,100000,16,busy_ns_per_event,ns,8.07843,7.77532,8.611,5
cpython-3.11.14,3.11.14,False,True,2.4.6,feature,dcc1fa1,M3,POLL4,,4,snapshot every 16 ms,event_count,1280,720,100000,16,freshness_p50_ms,ms,8.09713,7.65129,8.34633,5
cpython-3.11.14,3.11.14,False,True,2.4.6,feature,dcc1fa1,M3,POLL4,,4,snapshot every 16 ms,event_count,1280,720,100000,16,freshness_p95_ms,ms,18.0753,17.8593,18.3393,5
cpython-3.11.14,3.11.14,False,True,2.4.6,feature,dcc1fa1,M3,POLL4,,4,snapshot every 16 ms,event_count,1280,720,100000,16,post_step_p50_ms,ms,6.75917,6.31829,7.21704,5
cpython-3.11.14,3.11.14,False,True,2.4.6,feature,dcc1fa1,M3,POLL4,,4,snapshot every 16 ms,event_count,1280,720,100000,16,post_step_p95_ms,ms,16.92,16.8342,17.1638,5
cpython-3.11.14,3.11.14,False,True,2.4.6,feature,dcc1fa1,M3,POLL4,,4,snapshot every 16 ms,event_count,1280,720,100000,16,achieved_over_offered,ratio,1,1,1,5
cpython-3.11.14,3.11.14,False,True,2.4.6,feature,dcc1fa1,M3,POLL4,,4,snapshot every 16 ms,event_count,1280,720,100000,16,coverage,ratio,0.923295,0.910208,0.975143,5
cpython-3.11.14,3.11.14,False,True,2.4.6,feature,dcc1fa1,M3,WAIT8,,8,wait_for_newer,event_count,1280,720,100000,16,step_p99_us,us,12242.3,11804.8,12550.6,5
cpython-3.11.14,3.11.14,False,True,2.4.6,feature,dcc1fa1,M3,WAIT8,,8,wait_for_newer,event_count,1280,720,100000,16,busy_ns_per_event,ns,56.9171,55.805,57.4639,5
cpython-3.11.14,3.11.14,False,True,2.4.6,feature,dcc1fa1,M3,WAIT8,,8,wait_for_newer,event_count,1280,720,100000,16,freshness_p50_ms,ms,18.0373,17.909,18.1989,5
cpython-3.11.14,3.11.14,False,True,2.4.6,feature,dcc1fa1,M3,WAIT8,,8,wait_for_newer,event_count,1280,720,100000,16,freshness_p95_ms,ms,29.7772,29.4512,30.0836,5
cpython-3.11.14,3.11.14,False,True,2.4.6,feature,dcc1fa1,M3,WAIT8,,8,wait_for_newer,event_count,1280,720,100000,16,post_step_p50_ms,ms,10.8575,10.6178,10.886,5
cpython-3.11.14,3.11.14,False,True,2.4.6,feature,dcc1fa1,M3,WAIT8,,8,wait_for_newer,event_count,1280,720,100000,16,post_step_p95_ms,ms,21.5904,20.9269,21.6936,5
cpython-3.11.14,3.11.14,False,True,2.4.6,feature,dcc1fa1,M3,WAIT8,,8,wait_for_newer,event_count,1280,720,100000,16,achieved_over_offered,ratio,0.5865,0.5815,0.595,5
cpython-3.11.14,3.11.14,False,True,2.4.6,feature,dcc1fa1,M3,WAIT8,,8,wait_for_newer,event_count,1280,720,100000,16,coverage,ratio,0.767893,0.759615,0.773309,5
cpython-3.11.14,3.11.14,False,True,2.4.6,feature,dcc1fa1,M3,POLL8,,8,snapshot every 16 ms,event_count,1280,720,100000,16,step_p99_us,us,12282.1,11712.3,12652.3,5
cpython-3.11.14,3.11.14,False,True,2.4.6,feature,dcc1fa1,M3,POLL8,,8,snapshot every 16 ms,event_count,1280,720,100000,16,busy_ns_per_event,ns,55.5736,54.878,57.1676,5
cpython-3.11.14,3.11.14,False,True,2.4.6,feature,dcc1fa1,M3,POLL8,,8,snapshot every 16 ms,event_count,1280,720,100000,16,freshness_p50_ms,ms,17.8725,17.6806,18.1896,5
cpython-3.11.14,3.11.14,False,True,2.4.6,feature,dcc1fa1,M3,POLL8,,8,snapshot every 16 ms,event_count,1280,720,100000,16,freshness_p95_ms,ms,29.2062,28.9805,29.9099,5
cpython-3.11.14,3.11.14,False,True,2.4.6,feature,dcc1fa1,M3,POLL8,,8,snapshot every 16 ms,event_count,1280,720,100000,16,post_step_p50_ms,ms,10.7474,10.4972,10.7875,5
cpython-3.11.14,3.11.14,False,True,2.4.6,feature,dcc1fa1,M3,POLL8,,8,snapshot every 16 ms,event_count,1280,720,100000,16,post_step_p95_ms,ms,21.1319,20.6819,21.8313,5
cpython-3.11.14,3.11.14,False,True,2.4.6,feature,dcc1fa1,M3,POLL8,,8,snapshot every 16 ms,event_count,1280,720,100000,16,achieved_over_offered,ratio,0.599,0.589,0.602,5
cpython-3.11.14,3.11.14,False,True,2.4.6,feature,dcc1fa1,M3,POLL8,,8,snapshot every 16 ms,event_count,1280,720,100000,16,coverage,ratio,0.764646,0.754536,0.767785,5
cpython-3.14.2t,3.14.2,True,False,2.4.6,baseline,e63150e,M1,B,0,,,event_count,346,260,1,0,median_ns,ns,17709,17000,17750,5
cpython-3.14.2t,3.14.2,True,False,2.4.6,baseline,e63150e,M1,B,0,,,event_count,346,260,1,0,p95_ns,ns,18458,18167,18625,5
cpython-3.14.2t,3.14.2,True,False,2.4.6,baseline,e63150e,M1,B,0,,,event_count,346,260,1,0,p99_ns,ns,19875,19708,20791,5
cpython-3.14.2t,3.14.2,True,False,2.4.6,baseline,e63150e,M1,B',0,,,event_count,346,260,1,0,median_ns,ns,17625,16542,18000,5
cpython-3.14.2t,3.14.2,True,False,2.4.6,baseline,e63150e,M1,B',0,,,event_count,346,260,1,0,p95_ns,ns,18333,17708,18709,5
cpython-3.14.2t,3.14.2,True,False,2.4.6,baseline,e63150e,M1,B',0,,,event_count,346,260,1,0,p99_ns,ns,20000,19667,20334,5
cpython-3.14.2t,3.14.2,True,False,2.4.6,feature,dcc1fa1,M1,F0,0,,,event_count,346,260,1,0,median_ns,ns,16980,16500,17708,5
cpython-3.14.2t,3.14.2,True,False,2.4.6,feature,dcc1fa1,M1,F0,0,,,event_count,346,260,1,0,p95_ns,ns,18084,17417,18416,5
cpython-3.14.2t,3.14.2,True,False,2.4.6,feature,dcc1fa1,M1,F0,0,,,event_count,346,260,1,0,p99_ns,ns,19667,19083,20417,5
cpython-3.14.2t,3.14.2,True,False,2.4.6,feature,dcc1fa1,M1,F1,1,,,event_count,346,260,1,0,median_ns,ns,21750,18000,21875,5
cpython-3.14.2t,3.14.2,True,False,2.4.6,feature,dcc1fa1,M1,F1,1,,,event_count,346,260,1,0,p95_ns,ns,23042,22208,23208,5
cpython-3.14.2t,3.14.2,True,False,2.4.6,feature,dcc1fa1,M1,F1,1,,,event_count,346,260,1,0,p99_ns,ns,23750,22917,23834,5
cpython-3.14.2t,3.14.2,True,False,2.4.6,feature,dcc1fa1,M1,F4,4,,,event_count,346,260,1,0,median_ns,ns,26417,26000,26542,5
cpython-3.14.2t,3.14.2,True,False,2.4.6,feature,dcc1fa1,M1,F4,4,,,event_count,346,260,1,0,p95_ns,ns,30416,28833,31500,5
cpython-3.14.2t,3.14.2,True,False,2.4.6,feature,dcc1fa1,M1,F4,4,,,event_count,346,260,1,0,p99_ns,ns,48458,39000,48833,5
cpython-3.14.2t,3.14.2,True,False,2.4.6,feature,dcc1fa1,M1,F8,8,,,event_count,346,260,1,0,median_ns,ns,32500,32167,32583,5
cpython-3.14.2t,3.14.2,True,False,2.4.6,feature,dcc1fa1,M1,F8,8,,,event_count,346,260,1,0,p95_ns,ns,98083,96417,101250,5
cpython-3.14.2t,3.14.2,True,False,2.4.6,feature,dcc1fa1,M1,F8,8,,,event_count,346,260,1,0,p99_ns,ns,130500,130209,137792,5
cpython-3.14.2t,3.14.2,True,False,2.4.6,baseline,e63150e,M1,B,0,,,event_count,1280,720,1,0,median_ns,ns,208584,207125,209166,5
cpython-3.14.2t,3.14.2,True,False,2.4.6,baseline,e63150e,M1,B,0,,,event_count,1280,720,1,0,p95_ns,ns,239500,232834,257250,5
cpython-3.14.2t,3.14.2,True,False,2.4.6,baseline,e63150e,M1,B,0,,,event_count,1280,720,1,0,p99_ns,ns,274208,272792,277417,5
cpython-3.14.2t,3.14.2,True,False,2.4.6,baseline,e63150e,M1,B',0,,,event_count,1280,720,1,0,median_ns,ns,210000,208458,211833,5
cpython-3.14.2t,3.14.2,True,False,2.4.6,baseline,e63150e,M1,B',0,,,event_count,1280,720,1,0,p95_ns,ns,233084,231291,246417,5
cpython-3.14.2t,3.14.2,True,False,2.4.6,baseline,e63150e,M1,B',0,,,event_count,1280,720,1,0,p99_ns,ns,275667,271709,279375,5
cpython-3.14.2t,3.14.2,True,False,2.4.6,feature,dcc1fa1,M1,F0,0,,,event_count,1280,720,1,0,median_ns,ns,209375,206042,236458,5
cpython-3.14.2t,3.14.2,True,False,2.4.6,feature,dcc1fa1,M1,F0,0,,,event_count,1280,720,1,0,p95_ns,ns,234833,233125,282542,5
cpython-3.14.2t,3.14.2,True,False,2.4.6,feature,dcc1fa1,M1,F0,0,,,event_count,1280,720,1,0,p99_ns,ns,273667,270375,305500,5
cpython-3.14.2t,3.14.2,True,False,2.4.6,feature,dcc1fa1,M1,F1,1,,,event_count,1280,720,1,0,median_ns,ns,209292,204166,212166,5
cpython-3.14.2t,3.14.2,True,False,2.4.6,feature,dcc1fa1,M1,F1,1,,,event_count,1280,720,1,0,p95_ns,ns,237750,229167,244875,5
cpython-3.14.2t,3.14.2,True,False,2.4.6,feature,dcc1fa1,M1,F1,1,,,event_count,1280,720,1,0,p99_ns,ns,274250,269583,276542,5
cpython-3.14.2t,3.14.2,True,False,2.4.6,feature,dcc1fa1,M1,F4,4,,,event_count,1280,720,1,0,median_ns,ns,215375,212104,219125,5
cpython-3.14.2t,3.14.2,True,False,2.4.6,feature,dcc1fa1,M1,F4,4,,,event_count,1280,720,1,0,p95_ns,ns,228666,227709,259792,5
cpython-3.14.2t,3.14.2,True,False,2.4.6,feature,dcc1fa1,M1,F4,4,,,event_count,1280,720,1,0,p99_ns,ns,267208,262750,268250,5
cpython-3.14.2t,3.14.2,True,False,2.4.6,feature,dcc1fa1,M1,F8,8,,,event_count,1280,720,1,0,median_ns,ns,250562,243854,256833,5
cpython-3.14.2t,3.14.2,True,False,2.4.6,feature,dcc1fa1,M1,F8,8,,,event_count,1280,720,1,0,p95_ns,ns,292625,290375,298166,5
cpython-3.14.2t,3.14.2,True,False,2.4.6,feature,dcc1fa1,M1,F8,8,,,event_count,1280,720,1,0,p99_ns,ns,326084,323875,342459,5
cpython-3.14.2t,3.14.2,True,False,2.4.6,baseline,e63150e,M2,B,0,,,event_count,346,260,10000,0,events_per_s,events/s,189241686,187195597,202877863,5
cpython-3.14.2t,3.14.2,True,False,2.4.6,baseline,e63150e,M2,B,0,,,event_count,346,260,10000,0,p50_ns,ns,52042,47333,52292,5
cpython-3.14.2t,3.14.2,True,False,2.4.6,baseline,e63150e,M2,B,0,,,event_count,346,260,10000,0,p95_ns,ns,55208,52250,60458,5
cpython-3.14.2t,3.14.2,True,False,2.4.6,baseline,e63150e,M2,B,0,,,event_count,346,260,10000,0,p99_ns,ns,88542,85292,97292,5
cpython-3.14.2t,3.14.2,True,False,2.4.6,baseline,e63150e,M2,B',0,,,event_count,346,260,10000,0,events_per_s,events/s,196895432,186049488,205001798,5
cpython-3.14.2t,3.14.2,True,False,2.4.6,baseline,e63150e,M2,B',0,,,event_count,346,260,10000,0,p50_ns,ns,50625,47333,52125,5
cpython-3.14.2t,3.14.2,True,False,2.4.6,baseline,e63150e,M2,B',0,,,event_count,346,260,10000,0,p95_ns,ns,58125,54041,66958,5
cpython-3.14.2t,3.14.2,True,False,2.4.6,baseline,e63150e,M2,B',0,,,event_count,346,260,10000,0,p99_ns,ns,90958,87667,104750,5
cpython-3.14.2t,3.14.2,True,False,2.4.6,feature,dcc1fa1,M2,F0,0,,,event_count,346,260,10000,0,events_per_s,events/s,191640782,189501683,206281605,5
cpython-3.14.2t,3.14.2,True,False,2.4.6,feature,dcc1fa1,M2,F0,0,,,event_count,346,260,10000,0,p50_ns,ns,51208,47333,51916,5
cpython-3.14.2t,3.14.2,True,False,2.4.6,feature,dcc1fa1,M2,F0,0,,,event_count,346,260,10000,0,p95_ns,ns,55042,50542,59000,5
cpython-3.14.2t,3.14.2,True,False,2.4.6,feature,dcc1fa1,M2,F0,0,,,event_count,346,260,10000,0,p99_ns,ns,89167,87125,98875,5
cpython-3.14.2t,3.14.2,True,False,2.4.6,feature,dcc1fa1,M2,F1,1,,,event_count,346,260,10000,0,events_per_s,events/s,179718611,178186863,193748210,5
cpython-3.14.2t,3.14.2,True,False,2.4.6,feature,dcc1fa1,M2,F1,1,,,event_count,346,260,10000,0,p50_ns,ns,54708,48958,55542,5
cpython-3.14.2t,3.14.2,True,False,2.4.6,feature,dcc1fa1,M2,F1,1,,,event_count,346,260,10000,0,p95_ns,ns,58875,58208,61750,5
cpython-3.14.2t,3.14.2,True,False,2.4.6,feature,dcc1fa1,M2,F1,1,,,event_count,346,260,10000,0,p99_ns,ns,94583,83250,99417,5
cpython-3.14.2t,3.14.2,True,False,2.4.6,feature,dcc1fa1,M2,F4,4,,,event_count,346,260,10000,0,events_per_s,events/s,150065609,144513808,150313870,5
cpython-3.14.2t,3.14.2,True,False,2.4.6,feature,dcc1fa1,M2,F4,4,,,event_count,346,260,10000,0,p50_ns,ns,64500,64167,65958,5
cpython-3.14.2t,3.14.2,True,False,2.4.6,feature,dcc1fa1,M2,F4,4,,,event_count,346,260,10000,0,p95_ns,ns,87916,76917,98458,5
cpython-3.14.2t,3.14.2,True,False,2.4.6,feature,dcc1fa1,M2,F4,4,,,event_count,346,260,10000,0,p99_ns,ns,114166,105750,123500,5
cpython-3.14.2t,3.14.2,True,False,2.4.6,feature,dcc1fa1,M2,F8,8,,,event_count,346,260,10000,0,events_per_s,events/s,113411860,108959168,116294837,5
cpython-3.14.2t,3.14.2,True,False,2.4.6,feature,dcc1fa1,M2,F8,8,,,event_count,346,260,10000,0,p50_ns,ns,74250,72167,76709,5
cpython-3.14.2t,3.14.2,True,False,2.4.6,feature,dcc1fa1,M2,F8,8,,,event_count,346,260,10000,0,p95_ns,ns,150416,124250,169458,5
cpython-3.14.2t,3.14.2,True,False,2.4.6,feature,dcc1fa1,M2,F8,8,,,event_count,346,260,10000,0,p99_ns,ns,214917,177875,231875,5
cpython-3.14.2t,3.14.2,True,False,2.4.6,baseline,e63150e,M2,B,0,,,event_count,346,260,100000,0,events_per_s,events/s,301765403,289041609,308951976,5
cpython-3.14.2t,3.14.2,True,False,2.4.6,baseline,e63150e,M2,B,0,,,event_count,346,260,100000,0,p50_ns,ns,330250,323333,339167,5
cpython-3.14.2t,3.14.2,True,False,2.4.6,baseline,e63150e,M2,B,0,,,event_count,346,260,100000,0,p95_ns,ns,341958,336166,377667,5
cpython-3.14.2t,3.14.2,True,False,2.4.6,baseline,e63150e,M2,B,0,,,event_count,346,260,100000,0,p99_ns,ns,362125,343458,379334,5
cpython-3.14.2t,3.14.2,True,False,2.4.6,baseline,e63150e,M2,B',0,,,event_count,346,260,100000,0,events_per_s,events/s,296657075,284687378,308918047,5
cpython-3.14.2t,3.14.2,True,False,2.4.6,baseline,e63150e,M2,B',0,,,event_count,346,260,100000,0,p50_ns,ns,334208,322458,341209,5
cpython-3.14.2t,3.14.2,True,False,2.4.6,baseline,e63150e,M2,B',0,,,event_count,346,260,100000,0,p95_ns,ns,352334,338458,378709,5
cpython-3.14.2t,3.14.2,True,False,2.4.6,baseline,e63150e,M2,B',0,,,event_count,346,260,100000,0,p99_ns,ns,361292,342542,400500,5
cpython-3.14.2t,3.14.2,True,False,2.4.6,feature,dcc1fa1,M2,F0,0,,,event_count,346,260,100000,0,events_per_s,events/s,292297878,289626058,296607448,5
cpython-3.14.2t,3.14.2,True,False,2.4.6,feature,dcc1fa1,M2,F0,0,,,event_count,346,260,100000,0,p50_ns,ns,336334,319417,339750,5
cpython-3.14.2t,3.14.2,True,False,2.4.6,feature,dcc1fa1,M2,F0,0,,,event_count,346,260,100000,0,p95_ns,ns,354792,349417,382000,5
cpython-3.14.2t,3.14.2,True,False,2.4.6,feature,dcc1fa1,M2,F0,0,,,event_count,346,260,100000,0,p99_ns,ns,365708,354875,653291,5
cpython-3.14.2t,3.14.2,True,False,2.4.6,feature,dcc1fa1,M2,F1,1,,,event_count,346,260,100000,0,events_per_s,events/s,290298640,285169368,293840400,5
cpython-3.14.2t,3.14.2,True,False,2.4.6,feature,dcc1fa1,M2,F1,1,,,event_count,346,260,100000,0,p50_ns,ns,342375,338708,348625,5
cpython-3.14.2t,3.14.2,True,False,2.4.6,feature,dcc1fa1,M2,F1,1,,,event_count,346,260,100000,0,p95_ns,ns,353958,351750,367208,5
cpython-3.14.2t,3.14.2,True,False,2.4.6,feature,dcc1fa1,M2,F1,1,,,event_count,346,260,100000,0,p99_ns,ns,367708,355667,377625,5
cpython-3.14.2t,3.14.2,True,False,2.4.6,feature,dcc1fa1,M2,F4,4,,,event_count,346,260,100000,0,events_per_s,events/s,282713884,275259384,295531985,5
cpython-3.14.2t,3.14.2,True,False,2.4.6,feature,dcc1fa1,M2,F4,4,,,event_count,346,260,100000,0,p50_ns,ns,350917,336916,355292,5
cpython-3.14.2t,3.14.2,True,False,2.4.6,feature,dcc1fa1,M2,F4,4,,,event_count,346,260,100000,0,p95_ns,ns,372083,356709,405750,5
cpython-3.14.2t,3.14.2,True,False,2.4.6,feature,dcc1fa1,M2,F4,4,,,event_count,346,260,100000,0,p99_ns,ns,413458,369834,437000,5
cpython-3.14.2t,3.14.2,True,False,2.4.6,feature,dcc1fa1,M2,F8,8,,,event_count,346,260,100000,0,events_per_s,events/s,270895600,265458829,276610902,5
cpython-3.14.2t,3.14.2,True,False,2.4.6,feature,dcc1fa1,M2,F8,8,,,event_count,346,260,100000,0,p50_ns,ns,359958,354333,374583,5
cpython-3.14.2t,3.14.2,True,False,2.4.6,feature,dcc1fa1,M2,F8,8,,,event_count,346,260,100000,0,p95_ns,ns,404791,393125,446500,5
cpython-3.14.2t,3.14.2,True,False,2.4.6,feature,dcc1fa1,M2,F8,8,,,event_count,346,260,100000,0,p99_ns,ns,419917,408084,459250,5
cpython-3.14.2t,3.14.2,True,False,2.4.6,baseline,e63150e,M2,B,0,,,event_count,346,260,100000,16,events_per_s,events/s,305806540,299653413,308444580,5
cpython-3.14.2t,3.14.2,True,False,2.4.6,baseline,e63150e,M2,B,0,,,event_count,346,260,100000,16,p50_ns,ns,324792,321416,329167,5
cpython-3.14.2t,3.14.2,True,False,2.4.6,baseline,e63150e,M2,B,0,,,event_count,346,260,100000,16,p95_ns,ns,343750,337917,347208,5
cpython-3.14.2t,3.14.2,True,False,2.4.6,baseline,e63150e,M2,B,0,,,event_count,346,260,100000,16,p99_ns,ns,353833,343125,360042,5
cpython-3.14.2t,3.14.2,True,False,2.4.6,baseline,e63150e,M2,B',0,,,event_count,346,260,100000,16,events_per_s,events/s,306276861,304443938,306594652,5
cpython-3.14.2t,3.14.2,True,False,2.4.6,baseline,e63150e,M2,B',0,,,event_count,346,260,100000,16,p50_ns,ns,324584,323125,325667,5
cpython-3.14.2t,3.14.2,True,False,2.4.6,baseline,e63150e,M2,B',0,,,event_count,346,260,100000,16,p95_ns,ns,341209,339292,343542,5
cpython-3.14.2t,3.14.2,True,False,2.4.6,baseline,e63150e,M2,B',0,,,event_count,346,260,100000,16,p99_ns,ns,352458,344292,358625,5
cpython-3.14.2t,3.14.2,True,False,2.4.6,feature,dcc1fa1,M2,F0,0,,,event_count,346,260,100000,16,events_per_s,events/s,304130518,299545073,309413887,5
cpython-3.14.2t,3.14.2,True,False,2.4.6,feature,dcc1fa1,M2,F0,0,,,event_count,346,260,100000,16,p50_ns,ns,326250,321875,330000,5
cpython-3.14.2t,3.14.2,True,False,2.4.6,feature,dcc1fa1,M2,F0,0,,,event_count,346,260,100000,16,p95_ns,ns,345834,341959,351709,5
cpython-3.14.2t,3.14.2,True,False,2.4.6,feature,dcc1fa1,M2,F0,0,,,event_count,346,260,100000,16,p99_ns,ns,351959,345125,362834,5
cpython-3.14.2t,3.14.2,True,False,2.4.6,feature,dcc1fa1,M2,F1,1,,,event_count,346,260,100000,16,events_per_s,events/s,300655805,298790913,314600425,5
cpython-3.14.2t,3.14.2,True,False,2.4.6,feature,dcc1fa1,M2,F1,1,,,event_count,346,260,100000,16,p50_ns,ns,327834,317375,330417,5
cpython-3.14.2t,3.14.2,True,False,2.4.6,feature,dcc1fa1,M2,F1,1,,,event_count,346,260,100000,16,p95_ns,ns,347375,340709,351583,5
cpython-3.14.2t,3.14.2,True,False,2.4.6,feature,dcc1fa1,M2,F1,1,,,event_count,346,260,100000,16,p99_ns,ns,357208,355917,375666,5
cpython-3.14.2t,3.14.2,True,False,2.4.6,feature,dcc1fa1,M2,F4,4,,,event_count,346,260,100000,16,events_per_s,events/s,307408522,298722900,320775301,5
cpython-3.14.2t,3.14.2,True,False,2.4.6,feature,dcc1fa1,M2,F4,4,,,event_count,346,260,100000,16,p50_ns,ns,322625,310209,330250,5
cpython-3.14.2t,3.14.2,True,False,2.4.6,feature,dcc1fa1,M2,F4,4,,,event_count,346,260,100000,16,p95_ns,ns,345958,334334,355833,5
cpython-3.14.2t,3.14.2,True,False,2.4.6,feature,dcc1fa1,M2,F4,4,,,event_count,346,260,100000,16,p99_ns,ns,348292,338500,369541,5
cpython-3.14.2t,3.14.2,True,False,2.4.6,feature,dcc1fa1,M2,F8,8,,,event_count,346,260,100000,16,events_per_s,events/s,303413408,284417525,306305076,5
cpython-3.14.2t,3.14.2,True,False,2.4.6,feature,dcc1fa1,M2,F8,8,,,event_count,346,260,100000,16,p50_ns,ns,317000,313208,335084,5
cpython-3.14.2t,3.14.2,True,False,2.4.6,feature,dcc1fa1,M2,F8,8,,,event_count,346,260,100000,16,p95_ns,ns,390000,382209,407209,5
cpython-3.14.2t,3.14.2,True,False,2.4.6,feature,dcc1fa1,M2,F8,8,,,event_count,346,260,100000,16,p99_ns,ns,420500,397750,474666,5
cpython-3.14.2t,3.14.2,True,False,2.4.6,baseline,e63150e,M2,B,0,,,event_count,640,480,10000,0,events_per_s,events/s,139985912,135642217,145703439,5
cpython-3.14.2t,3.14.2,True,False,2.4.6,baseline,e63150e,M2,B,0,,,event_count,640,480,10000,0,p50_ns,ns,70333,66125,71625,5
cpython-3.14.2t,3.14.2,True,False,2.4.6,baseline,e63150e,M2,B,0,,,event_count,640,480,10000,0,p95_ns,ns,75541,72292,77333,5
cpython-3.14.2t,3.14.2,True,False,2.4.6,baseline,e63150e,M2,B,0,,,event_count,640,480,10000,0,p99_ns,ns,153208,144292,158250,5
cpython-3.14.2t,3.14.2,True,False,2.4.6,baseline,e63150e,M2,B',0,,,event_count,640,480,10000,0,events_per_s,events/s,139473165,135002869,145275228,5
cpython-3.14.2t,3.14.2,True,False,2.4.6,baseline,e63150e,M2,B',0,,,event_count,640,480,10000,0,p50_ns,ns,70209,66125,71792,5
cpython-3.14.2t,3.14.2,True,False,2.4.6,baseline,e63150e,M2,B',0,,,event_count,640,480,10000,0,p95_ns,ns,80666,75459,83125,5
cpython-3.14.2t,3.14.2,True,False,2.4.6,baseline,e63150e,M2,B',0,,,event_count,640,480,10000,0,p99_ns,ns,147542,136458,161084,5
cpython-3.14.2t,3.14.2,True,False,2.4.6,feature,dcc1fa1,M2,F0,0,,,event_count,640,480,10000,0,events_per_s,events/s,137444462,135200689,144606301,5
cpython-3.14.2t,3.14.2,True,False,2.4.6,feature,dcc1fa1,M2,F0,0,,,event_count,640,480,10000,0,p50_ns,ns,71000,66750,71875,5
cpython-3.14.2t,3.14.2,True,False,2.4.6,feature,dcc1fa1,M2,F0,0,,,event_count,640,480,10000,0,p95_ns,ns,74458,71083,78000,5
cpython-3.14.2t,3.14.2,True,False,2.4.6,feature,dcc1fa1,M2,F0,0,,,event_count,640,480,10000,0,p99_ns,ns,149000,135958,167833,5
cpython-3.14.2t,3.14.2,True,False,2.4.6,feature,dcc1fa1,M2,F1,1,,,event_count,640,480,10000,0,events_per_s,events/s,136941092,129600863,140046176,5
cpython-3.14.2t,3.14.2,True,False,2.4.6,feature,dcc1fa1,M2,F1,1,,,event_count,640,480,10000,0,p50_ns,ns,69000,67917,74667,5
cpython-3.14.2t,3.14.2,True,False,2.4.6,feature,dcc1fa1,M2,F1,1,,,event_count,640,480,10000,0,p95_ns,ns,79667,77084,80334,5
cpython-3.14.2t,3.14.2,True,False,2.4.6,feature,dcc1fa1,M2,F1,1,,,event_count,640,480,10000,0,p99_ns,ns,150416,139583,162125,5
cpython-3.14.2t,3.14.2,True,False,2.4.6,feature,dcc1fa1,M2,F4,4,,,event_count,640,480,10000,0,events_per_s,events/s,112795804,107574145,115067092,5
cpython-3.14.2t,3.14.2,True,False,2.4.6,feature,dcc1fa1,M2,F4,4,,,event_count,640,480,10000,0,p50_ns,ns,85375,84334,85958,5
cpython-3.14.2t,3.14.2,True,False,2.4.6,feature,dcc1fa1,M2,F4,4,,,event_count,640,480,10000,0,p95_ns,ns,93041,88750,131250,5
cpython-3.14.2t,3.14.2,True,False,2.4.6,feature,dcc1fa1,M2,F4,4,,,event_count,640,480,10000,0,p99_ns,ns,174500,159750,193583,5
cpython-3.14.2t,3.14.2,True,False,2.4.6,feature,dcc1fa1,M2,F8,8,,,event_count,640,480,10000,0,events_per_s,events/s,71482571,70658924,71689737,5
cpython-3.14.2t,3.14.2,True,False,2.4.6,feature,dcc1fa1,M2,F8,8,,,event_count,640,480,10000,0,p50_ns,ns,136375,133916,138250,5
cpython-3.14.2t,3.14.2,True,False,2.4.6,feature,dcc1fa1,M2,F8,8,,,event_count,640,480,10000,0,p95_ns,ns,198750,196083,218417,5
cpython-3.14.2t,3.14.2,True,False,2.4.6,feature,dcc1fa1,M2,F8,8,,,event_count,640,480,10000,0,p99_ns,ns,229084,215458,255875,5
cpython-3.14.2t,3.14.2,True,False,2.4.6,baseline,e63150e,M2,B,0,,,event_count,640,480,100000,0,events_per_s,events/s,245521775,241952596,246612926,5
cpython-3.14.2t,3.14.2,True,False,2.4.6,baseline,e63150e,M2,B,0,,,event_count,640,480,100000,0,p50_ns,ns,394333,391459,412250,5
cpython-3.14.2t,3.14.2,True,False,2.4.6,baseline,e63150e,M2,B,0,,,event_count,640,480,100000,0,p95_ns,ns,442042,437250,449541,5
cpython-3.14.2t,3.14.2,True,False,2.4.6,baseline,e63150e,M2,B,0,,,event_count,640,480,100000,0,p99_ns,ns,453375,447125,466167,5
cpython-3.14.2t,3.14.2,True,False,2.4.6,baseline,e63150e,M2,B',0,,,event_count,640,480,100000,0,events_per_s,events/s,248537327,239446830,251553848,5
cpython-3.14.2t,3.14.2,True,False,2.4.6,baseline,e63150e,M2,B',0,,,event_count,640,480,100000,0,p50_ns,ns,392916,381166,416625,5
cpython-3.14.2t,3.14.2,True,False,2.4.6,baseline,e63150e,M2,B',0,,,event_count,640,480,100000,0,p95_ns,ns,441125,434666,450000,5
cpython-3.14.2t,3.14.2,True,False,2.4.6,baseline,e63150e,M2,B',0,,,event_count,640,480,100000,0,p99_ns,ns,446041,436417,492000,5
cpython-3.14.2t,3.14.2,True,False,2.4.6,feature,dcc1fa1,M2,F0,0,,,event_count,640,480,100000,0,events_per_s,events/s,246548232,242118557,252845811,5
cpython-3.14.2t,3.14.2,True,False,2.4.6,feature,dcc1fa1,M2,F0,0,,,event_count,640,480,100000,0,p50_ns,ns,395584,392667,400625,5
cpython-3.14.2t,3.14.2,True,False,2.4.6,feature,dcc1fa1,M2,F0,0,,,event_count,640,480,100000,0,p95_ns,ns,436709,429042,447666,5
cpython-3.14.2t,3.14.2,True,False,2.4.6,feature,dcc1fa1,M2,F0,0,,,event_count,640,480,100000,0,p99_ns,ns,441959,431708,453125,5
cpython-3.14.2t,3.14.2,True,False,2.4.6,feature,dcc1fa1,M2,F1,1,,,event_count,640,480,100000,0,events_per_s,events/s,243641267,241249605,248309632,5
cpython-3.14.2t,3.14.2,True,False,2.4.6,feature,dcc1fa1,M2,F1,1,,,event_count,640,480,100000,0,p50_ns,ns,401167,393125,404709,5
cpython-3.14.2t,3.14.2,True,False,2.4.6,feature,dcc1fa1,M2,F1,1,,,event_count,640,480,100000,0,p95_ns,ns,443083,437917,445541,5
cpython-3.14.2t,3.14.2,True,False,2.4.6,feature,dcc1fa1,M2,F1,1,,,event_count,640,480,100000,0,p99_ns,ns,448583,443458,461417,5
cpython-3.14.2t,3.14.2,True,False,2.4.6,feature,dcc1fa1,M2,F4,4,,,event_count,640,480,100000,0,events_per_s,events/s,241868502,237766271,248802699,5
cpython-3.14.2t,3.14.2,True,False,2.4.6,feature,dcc1fa1,M2,F4,4,,,event_count,640,480,100000,0,p50_ns,ns,414625,409625,432625,5
cpython-3.14.2t,3.14.2,True,False,2.4.6,feature,dcc1fa1,M2,F4,4,,,event_count,640,480,100000,0,p95_ns,ns,439625,435916,460459,5
cpython-3.14.2t,3.14.2,True,False,2.4.6,feature,dcc1fa1,M2,F4,4,,,event_count,640,480,100000,0,p99_ns,ns,444083,441292,498833,5
cpython-3.14.2t,3.14.2,True,False,2.4.6,feature,dcc1fa1,M2,F8,8,,,event_count,640,480,100000,0,events_per_s,events/s,227502194,221973612,233942015,5
cpython-3.14.2t,3.14.2,True,False,2.4.6,feature,dcc1fa1,M2,F8,8,,,event_count,640,480,100000,0,p50_ns,ns,435125,420292,439958,5
cpython-3.14.2t,3.14.2,True,False,2.4.6,feature,dcc1fa1,M2,F8,8,,,event_count,640,480,100000,0,p95_ns,ns,503666,483875,527209,5
cpython-3.14.2t,3.14.2,True,False,2.4.6,feature,dcc1fa1,M2,F8,8,,,event_count,640,480,100000,0,p99_ns,ns,531958,487000,550708,5
cpython-3.14.2t,3.14.2,True,False,2.4.6,baseline,e63150e,M2,B,0,,,event_count,640,480,100000,16,events_per_s,events/s,290815691,285938911,300238427,5
cpython-3.14.2t,3.14.2,True,False,2.4.6,baseline,e63150e,M2,B,0,,,event_count,640,480,100000,16,p50_ns,ns,334791,325542,339209,5
cpython-3.14.2t,3.14.2,True,False,2.4.6,baseline,e63150e,M2,B,0,,,event_count,640,480,100000,16,p95_ns,ns,370042,362708,374917,5
cpython-3.14.2t,3.14.2,True,False,2.4.6,baseline,e63150e,M2,B,0,,,event_count,640,480,100000,16,p99_ns,ns,419459,402000,437833,5
cpython-3.14.2t,3.14.2,True,False,2.4.6,baseline,e63150e,M2,B',0,,,event_count,640,480,100000,16,events_per_s,events/s,292501020,285825758,298934068,5
cpython-3.14.2t,3.14.2,True,False,2.4.6,baseline,e63150e,M2,B',0,,,event_count,640,480,100000,16,p50_ns,ns,333583,327334,339458,5
cpython-3.14.2t,3.14.2,True,False,2.4.6,baseline,e63150e,M2,B',0,,,event_count,640,480,100000,16,p95_ns,ns,371000,365833,373708,5
cpython-3.14.2t,3.14.2,True,False,2.4.6,baseline,e63150e,M2,B',0,,,event_count,640,480,100000,16,p99_ns,ns,413375,406834,435500,5
cpython-3.14.2t,3.14.2,True,False,2.4.6,feature,dcc1fa1,M2,F0,0,,,event_count,640,480,100000,16,events_per_s,events/s,294738006,287148284,300796072,5
cpython-3.14.2t,3.14.2,True,False,2.4.6,feature,dcc1fa1,M2,F0,0,,,event_count,640,480,100000,16,p50_ns,ns,330750,324292,338625,5
cpython-3.14.2t,3.14.2,True,False,2.4.6,feature,dcc1fa1,M2,F0,0,,,event_count,640,480,100000,16,p95_ns,ns,366417,360542,375584,5
cpython-3.14.2t,3.14.2,True,False,2.4.6,feature,dcc1fa1,M2,F0,0,,,event_count,640,480,100000,16,p99_ns,ns,418417,408084,429750,5
cpython-3.14.2t,3.14.2,True,False,2.4.6,feature,dcc1fa1,M2,F1,1,,,event_count,640,480,100000,16,events_per_s,events/s,291005176,287596564,295316458,5
cpython-3.14.2t,3.14.2,True,False,2.4.6,feature,dcc1fa1,M2,F1,1,,,event_count,640,480,100000,16,p50_ns,ns,334416,330250,335375,5
cpython-3.14.2t,3.14.2,True,False,2.4.6,feature,dcc1fa1,M2,F1,1,,,event_count,640,480,100000,16,p95_ns,ns,373667,369042,375500,5
cpython-3.14.2t,3.14.2,True,False,2.4.6,feature,dcc1fa1,M2,F1,1,,,event_count,640,480,100000,16,p99_ns,ns,421125,414167,443042,5
cpython-3.14.2t,3.14.2,True,False,2.4.6,feature,dcc1fa1,M2,F4,4,,,event_count,640,480,100000,16,events_per_s,events/s,281315437,277065872,292043622,5
cpython-3.14.2t,3.14.2,True,False,2.4.6,feature,dcc1fa1,M2,F4,4,,,event_count,640,480,100000,16,p50_ns,ns,352750,343292,358084,5
cpython-3.14.2t,3.14.2,True,False,2.4.6,feature,dcc1fa1,M2,F4,4,,,event_count,640,480,100000,16,p95_ns,ns,407833,391292,413416,5
cpython-3.14.2t,3.14.2,True,False,2.4.6,feature,dcc1fa1,M2,F4,4,,,event_count,640,480,100000,16,p99_ns,ns,418833,406375,431542,5
cpython-3.14.2t,3.14.2,True,False,2.4.6,feature,dcc1fa1,M2,F8,8,,,event_count,640,480,100000,16,events_per_s,events/s,283857311,270676450,291377053,5
cpython-3.14.2t,3.14.2,True,False,2.4.6,feature,dcc1fa1,M2,F8,8,,,event_count,640,480,100000,16,p50_ns,ns,328208,319334,339750,5
cpython-3.14.2t,3.14.2,True,False,2.4.6,feature,dcc1fa1,M2,F8,8,,,event_count,640,480,100000,16,p95_ns,ns,448375,426167,499125,5
cpython-3.14.2t,3.14.2,True,False,2.4.6,feature,dcc1fa1,M2,F8,8,,,event_count,640,480,100000,16,p99_ns,ns,470334,444541,573000,5
cpython-3.14.2t,3.14.2,True,False,2.4.6,baseline,e63150e,M2,B,0,,,event_count,1280,720,10000,0,events_per_s,events/s,43640318,43070974,44497323,5
cpython-3.14.2t,3.14.2,True,False,2.4.6,baseline,e63150e,M2,B,0,,,event_count,1280,720,10000,0,p50_ns,ns,222000,219125,228458,5
cpython-3.14.2t,3.14.2,True,False,2.4.6,baseline,e63150e,M2,B,0,,,event_count,1280,720,10000,0,p95_ns,ns,245500,236334,269500,5
cpython-3.14.2t,3.14.2,True,False,2.4.6,baseline,e63150e,M2,B,0,,,event_count,1280,720,10000,0,p99_ns,ns,334750,328209,349333,5
cpython-3.14.2t,3.14.2,True,False,2.4.6,baseline,e63150e,M2,B',0,,,event_count,1280,720,10000,0,events_per_s,events/s,43449305,41943233,43877608,5
cpython-3.14.2t,3.14.2,True,False,2.4.6,baseline,e63150e,M2,B',0,,,event_count,1280,720,10000,0,p50_ns,ns,223000,222000,233958,5
cpython-3.14.2t,3.14.2,True,False,2.4.6,baseline,e63150e,M2,B',0,,,event_count,1280,720,10000,0,p95_ns,ns,255750,245709,266708,5
cpython-3.14.2t,3.14.2,True,False,2.4.6,baseline,e63150e,M2,B',0,,,event_count,1280,720,10000,0,p99_ns,ns,334709,327709,353125,5
cpython-3.14.2t,3.14.2,True,False,2.4.6,feature,dcc1fa1,M2,F0,0,,,event_count,1280,720,10000,0,events_per_s,events/s,43726372,41657551,44714736,5
cpython-3.14.2t,3.14.2,True,False,2.4.6,feature,dcc1fa1,M2,F0,0,,,event_count,1280,720,10000,0,p50_ns,ns,222833,218416,234916,5
cpython-3.14.2t,3.14.2,True,False,2.4.6,feature,dcc1fa1,M2,F0,0,,,event_count,1280,720,10000,0,p95_ns,ns,255250,240708,262125,5
cpython-3.14.2t,3.14.2,True,False,2.4.6,feature,dcc1fa1,M2,F0,0,,,event_count,1280,720,10000,0,p99_ns,ns,348042,329000,360792,5
cpython-3.14.2t,3.14.2,True,False,2.4.6,feature,dcc1fa1,M2,F1,1,,,event_count,1280,720,10000,0,events_per_s,events/s,42109107,41596044,43973927,5
cpython-3.14.2t,3.14.2,True,False,2.4.6,feature,dcc1fa1,M2,F1,1,,,event_count,1280,720,10000,0,p50_ns,ns,230167,222000,235625,5
cpython-3.14.2t,3.14.2,True,False,2.4.6,feature,dcc1fa1,M2,F1,1,,,event_count,1280,720,10000,0,p95_ns,ns,258375,243834,278875,5
cpython-3.14.2t,3.14.2,True,False,2.4.6,feature,dcc1fa1,M2,F1,1,,,event_count,1280,720,10000,0,p99_ns,ns,352042,343125,363042,5
cpython-3.14.2t,3.14.2,True,False,2.4.6,feature,dcc1fa1,M2,F4,4,,,event_count,1280,720,10000,0,events_per_s,events/s,40159836,39455517,40768350,5
cpython-3.14.2t,3.14.2,True,False,2.4.6,feature,dcc1fa1,M2,F4,4,,,event_count,1280,720,10000,0,p50_ns,ns,245042,239541,246166,5
cpython-3.14.2t,3.14.2,True,False,2.4.6,feature,dcc1fa1,M2,F4,4,,,event_count,1280,720,10000,0,p95_ns,ns,278417,263625,295833,5
cpython-3.14.2t,3.14.2,True,False,2.4.6,feature,dcc1fa1,M2,F4,4,,,event_count,1280,720,10000,0,p99_ns,ns,373083,345375,392625,5
cpython-3.14.2t,3.14.2,True,False,2.4.6,feature,dcc1fa1,M2,F8,8,,,event_count,1280,720,10000,0,events_per_s,events/s,34839967,33947016,35146702,5
cpython-3.14.2t,3.14.2,True,False,2.4.6,feature,dcc1fa1,M2,F8,8,,,event_count,1280,720,10000,0,p50_ns,ns,286209,278042,287541,5
cpython-3.14.2t,3.14.2,True,False,2.4.6,feature,dcc1fa1,M2,F8,8,,,event_count,1280,720,10000,0,p95_ns,ns,357750,344791,370958,5
cpython-3.14.2t,3.14.2,True,False,2.4.6,feature,dcc1fa1,M2,F8,8,,,event_count,1280,720,10000,0,p99_ns,ns,413666,393125,530292,5
cpython-3.14.2t,3.14.2,True,False,2.4.6,baseline,e63150e,M2,B,0,,,event_count,1280,720,100000,0,events_per_s,events/s,230434631,188634009,237617853,5
cpython-3.14.2t,3.14.2,True,False,2.4.6,baseline,e63150e,M2,B,0,,,event_count,1280,720,100000,0,p50_ns,ns,421375,411333,514750,5
cpython-3.14.2t,3.14.2,True,False,2.4.6,baseline,e63150e,M2,B,0,,,event_count,1280,720,100000,0,p95_ns,ns,433083,419167,579917,5
cpython-3.14.2t,3.14.2,True,False,2.4.6,baseline,e63150e,M2,B,0,,,event_count,1280,720,100000,0,p99_ns,ns,621750,596166,693750,5
cpython-3.14.2t,3.14.2,True,False,2.4.6,baseline,e63150e,M2,B',0,,,event_count,1280,720,100000,0,events_per_s,events/s,238352971,233674424,240664243,5
cpython-3.14.2t,3.14.2,True,False,2.4.6,baseline,e63150e,M2,B',0,,,event_count,1280,720,100000,0,p50_ns,ns,410417,405709,415042,5
cpython-3.14.2t,3.14.2,True,False,2.4.6,baseline,e63150e,M2,B',0,,,event_count,1280,720,100000,0,p95_ns,ns,427708,421416,436666,5
cpython-3.14.2t,3.14.2,True,False,2.4.6,baseline,e63150e,M2,B',0,,,event_count,1280,720,100000,0,p99_ns,ns,597833,581958,643917,5
cpython-3.14.2t,3.14.2,True,False,2.4.6,feature,dcc1fa1,M2,F0,0,,,event_count,1280,720,100000,0,events_per_s,events/s,229243886,228742449,242026966,5
cpython-3.14.2t,3.14.2,True,False,2.4.6,feature,dcc1fa1,M2,F0,0,,,event_count,1280,720,100000,0,p50_ns,ns,423584,405958,426709,5
cpython-3.14.2t,3.14.2,True,False,2.4.6,feature,dcc1fa1,M2,F0,0,,,event_count,1280,720,100000,0,p95_ns,ns,431750,417167,434500,5
cpython-3.14.2t,3.14.2,True,False,2.4.6,feature,dcc1fa1,M2,F0,0,,,event_count,1280,720,100000,0,p99_ns,ns,634709,590750,654375,5
cpython-3.14.2t,3.14.2,True,False,2.4.6,feature,dcc1fa1,M2,F1,1,,,event_count,1280,720,100000,0,events_per_s,events/s,229269088,224989822,234632757,5
cpython-3.14.2t,3.14.2,True,False,2.4.6,feature,dcc1fa1,M2,F1,1,,,event_count,1280,720,100000,0,p50_ns,ns,423542,417334,432209,5
cpython-3.14.2t,3.14.2,True,False,2.4.6,feature,dcc1fa1,M2,F1,1,,,event_count,1280,720,100000,0,p95_ns,ns,439042,426667,450666,5
cpython-3.14.2t,3.14.2,True,False,2.4.6,feature,dcc1fa1,M2,F1,1,,,event_count,1280,720,100000,0,p99_ns,ns,640875,606625,648375,5
cpython-3.14.2t,3.14.2,True,False,2.4.6,feature,dcc1fa1,M2,F4,4,,,event_count,1280,720,100000,0,events_per_s,events/s,183392944,180530507,221898620,5
cpython-3.14.2t,3.14.2,True,False,2.4.6,feature,dcc1fa1,M2,F4,4,,,event_count,1280,720,100000,0,p50_ns,ns,534916,437625,544167,5
cpython-3.14.2t,3.14.2,True,False,2.4.6,feature,dcc1fa1,M2,F4,4,,,event_count,1280,720,100000,0,p95_ns,ns,593917,461625,661375,5
cpython-3.14.2t,3.14.2,True,False,2.4.6,feature,dcc1fa1,M2,F4,4,,,event_count,1280,720,100000,0,p99_ns,ns,708042,674458,741708,5
cpython-3.14.2t,3.14.2,True,False,2.4.6,feature,dcc1fa1,M2,F8,8,,,event_count,1280,720,100000,0,events_per_s,events/s,168766872,166590896,212969887,5
cpython-3.14.2t,3.14.2,True,False,2.4.6,feature,dcc1fa1,M2,F8,8,,,event_count,1280,720,100000,0,p50_ns,ns,585833,450583,595167,5
cpython-3.14.2t,3.14.2,True,False,2.4.6,feature,dcc1fa1,M2,F8,8,,,event_count,1280,720,100000,0,p95_ns,ns,658875,643250,682708,5
cpython-3.14.2t,3.14.2,True,False,2.4.6,feature,dcc1fa1,M2,F8,8,,,event_count,1280,720,100000,0,p99_ns,ns,725375,694291,790792,5
cpython-3.14.2t,3.14.2,True,False,2.4.6,baseline,e63150e,M2,B,0,,,event_count,1280,720,100000,16,events_per_s,events/s,281648806,270749002,288562126,5
cpython-3.14.2t,3.14.2,True,False,2.4.6,baseline,e63150e,M2,B,0,,,event_count,1280,720,100000,16,p50_ns,ns,330750,325917,342667,5
cpython-3.14.2t,3.14.2,True,False,2.4.6,baseline,e63150e,M2,B,0,,,event_count,1280,720,100000,16,p95_ns,ns,417125,413791,429583,5
cpython-3.14.2t,3.14.2,True,False,2.4.6,baseline,e63150e,M2,B,0,,,event_count,1280,720,100000,16,p99_ns,ns,564167,553333,597292,5
cpython-3.14.2t,3.14.2,True,False,2.4.6,baseline,e63150e,M2,B',0,,,event_count,1280,720,100000,16,events_per_s,events/s,274502166,269820600,292542820,5
cpython-3.14.2t,3.14.2,True,False,2.4.6,baseline,e63150e,M2,B',0,,,event_count,1280,720,100000,16,p50_ns,ns,338625,318333,343333,5
cpython-3.14.2t,3.14.2,True,False,2.4.6,baseline,e63150e,M2,B',0,,,event_count,1280,720,100000,16,p95_ns,ns,424625,406542,436875,5
cpython-3.14.2t,3.14.2,True,False,2.4.6,baseline,e63150e,M2,B',0,,,event_count,1280,720,100000,16,p99_ns,ns,574333,544166,594709,5
cpython-3.14.2t,3.14.2,True,False,2.4.6,feature,dcc1fa1,M2,F0,0,,,event_count,1280,720,100000,16,events_per_s,events/s,275169420,269296781,281858065,5
cpython-3.14.2t,3.14.2,True,False,2.4.6,feature,dcc1fa1,M2,F0,0,,,event_count,1280,720,100000,16,p50_ns,ns,339625,331625,343542,5
cpython-3.14.2t,3.14.2,True,False,2.4.6,feature,dcc1fa1,M2,F0,0,,,event_count,1280,720,100000,16,p95_ns,ns,424375,416542,429500,5
cpython-3.14.2t,3.14.2,True,False,2.4.6,feature,dcc1fa1,M2,F0,0,,,event_count,1280,720,100000,16,p99_ns,ns,591167,554333,597333,5
cpython-3.14.2t,3.14.2,True,False,2.4.6,feature,dcc1fa1,M2,F1,1,,,event_count,1280,720,100000,16,events_per_s,events/s,272963051,268682466,279196386,5
cpython-3.14.2t,3.14.2,True,False,2.4.6,feature,dcc1fa1,M2,F1,1,,,event_count,1280,720,100000,16,p50_ns,ns,339125,333583,345000,5
cpython-3.14.2t,3.14.2,True,False,2.4.6,feature,dcc1fa1,M2,F1,1,,,event_count,1280,720,100000,16,p95_ns,ns,433292,423500,437542,5
cpython-3.14.2t,3.14.2,True,False,2.4.6,feature,dcc1fa1,M2,F1,1,,,event_count,1280,720,100000,16,p99_ns,ns,584958,582208,598500,5
cpython-3.14.2t,3.14.2,True,False,2.4.6,feature,dcc1fa1,M2,F4,4,,,event_count,1280,720,100000,16,events_per_s,events/s,255927685,244738205,268902321,5
cpython-3.14.2t,3.14.2,True,False,2.4.6,feature,dcc1fa1,M2,F4,4,,,event_count,1280,720,100000,16,p50_ns,ns,345459,338708,355125,5
cpython-3.14.2t,3.14.2,True,False,2.4.6,feature,dcc1fa1,M2,F4,4,,,event_count,1280,720,100000,16,p95_ns,ns,550375,446208,586000,5
cpython-3.14.2t,3.14.2,True,False,2.4.6,feature,dcc1fa1,M2,F4,4,,,event_count,1280,720,100000,16,p99_ns,ns,611375,597708,636042,5
cpython-3.14.2t,3.14.2,True,False,2.4.6,feature,dcc1fa1,M2,F8,8,,,event_count,1280,720,100000,16,events_per_s,events/s,254346382,250770587,256441851,5
cpython-3.14.2t,3.14.2,True,False,2.4.6,feature,dcc1fa1,M2,F8,8,,,event_count,1280,720,100000,16,p50_ns,ns,341833,330583,348041,5
cpython-3.14.2t,3.14.2,True,False,2.4.6,feature,dcc1fa1,M2,F8,8,,,event_count,1280,720,100000,16,p95_ns,ns,591041,563916,600875,5
cpython-3.14.2t,3.14.2,True,False,2.4.6,feature,dcc1fa1,M2,F8,8,,,event_count,1280,720,100000,16,p99_ns,ns,633625,589917,656333,5
cpython-3.14.2t,3.14.2,True,False,2.4.6,feature,dcc1fa1,M3,WAIT1,,1,wait_for_newer,event_count,1280,720,100000,16,step_p99_us,us,646.958,616.041,662.125,5
cpython-3.14.2t,3.14.2,True,False,2.4.6,feature,dcc1fa1,M3,WAIT1,,1,wait_for_newer,event_count,1280,720,100000,16,busy_ns_per_event,ns,4.55768,4.48692,4.59767,5
cpython-3.14.2t,3.14.2,True,False,2.4.6,feature,dcc1fa1,M3,WAIT1,,1,wait_for_newer,event_count,1280,720,100000,16,freshness_p50_ms,ms,0.5005,0.498958,0.509834,5
cpython-3.14.2t,3.14.2,True,False,2.4.6,feature,dcc1fa1,M3,WAIT1,,1,wait_for_newer,event_count,1280,720,100000,16,freshness_p95_ms,ms,0.588292,0.550334,0.622334,5
cpython-3.14.2t,3.14.2,True,False,2.4.6,feature,dcc1fa1,M3,WAIT1,,1,wait_for_newer,event_count,1280,720,100000,16,post_step_p50_ms,ms,-0.06175,-0.063167,-0.059583,5
cpython-3.14.2t,3.14.2,True,False,2.4.6,feature,dcc1fa1,M3,WAIT1,,1,wait_for_newer,event_count,1280,720,100000,16,post_step_p95_ms,ms,-0.027417,-0.02825,-0.026042,5
cpython-3.14.2t,3.14.2,True,False,2.4.6,feature,dcc1fa1,M3,WAIT1,,1,wait_for_newer,event_count,1280,720,100000,16,achieved_over_offered,ratio,1,1,1,5
cpython-3.14.2t,3.14.2,True,False,2.4.6,feature,dcc1fa1,M3,WAIT1,,1,wait_for_newer,event_count,1280,720,100000,16,coverage,ratio,1,1,1,5
cpython-3.14.2t,3.14.2,True,False,2.4.6,feature,dcc1fa1,M3,POLL1,,1,snapshot every 16 ms,event_count,1280,720,100000,16,step_p99_us,us,698.375,679.416,720.958,5
cpython-3.14.2t,3.14.2,True,False,2.4.6,feature,dcc1fa1,M3,POLL1,,1,snapshot every 16 ms,event_count,1280,720,100000,16,busy_ns_per_event,ns,4.6094,4.36471,4.68338,5
cpython-3.14.2t,3.14.2,True,False,2.4.6,feature,dcc1fa1,M3,POLL1,,1,snapshot every 16 ms,event_count,1280,720,100000,16,freshness_p50_ms,ms,8.65104,8.0045,9.02292,5
cpython-3.14.2t,3.14.2,True,False,2.4.6,feature,dcc1fa1,M3,POLL1,,1,snapshot every 16 ms,event_count,1280,720,100000,16,freshness_p95_ms,ms,20.1209,17.698,20.1526,5
cpython-3.14.2t,3.14.2,True,False,2.4.6,feature,dcc1fa1,M3,POLL1,,1,snapshot every 16 ms,event_count,1280,720,100000,16,post_step_p50_ms,ms,8.12821,7.32562,8.44633,5
cpython-3.14.2t,3.14.2,True,False,2.4.6,feature,dcc1fa1,M3,POLL1,,1,snapshot every 16 ms,event_count,1280,720,100000,16,post_step_p95_ms,ms,19.5568,17.1453,19.662,5
cpython-3.14.2t,3.14.2,True,False,2.4.6,feature,dcc1fa1,M3,POLL1,,1,snapshot every 16 ms,event_count,1280,720,100000,16,achieved_over_offered,ratio,1,1,1,5
cpython-3.14.2t,3.14.2,True,False,2.4.6,feature,dcc1fa1,M3,POLL1,,1,snapshot every 16 ms,event_count,1280,720,100000,16,coverage,ratio,0.982,0.976,1,5
cpython-3.14.2t,3.14.2,True,False,2.4.6,feature,dcc1fa1,M3,WAIT4,,4,wait_for_newer,event_count,1280,720,100000,16,step_p99_us,us,2337.54,2137.46,2398.38,5
cpython-3.14.2t,3.14.2,True,False,2.4.6,feature,dcc1fa1,M3,WAIT4,,4,wait_for_newer,event_count,1280,720,100000,16,busy_ns_per_event,ns,10.1142,9.81713,10.4612,5
cpython-3.14.2t,3.14.2,True,False,2.4.6,feature,dcc1fa1,M3,WAIT4,,4,wait_for_newer,event_count,1280,720,100000,16,freshness_p50_ms,ms,0.55775,0.525834,0.56375,5
cpython-3.14.2t,3.14.2,True,False,2.4.6,feature,dcc1fa1,M3,WAIT4,,4,wait_for_newer,event_count,1280,720,100000,16,freshness_p95_ms,ms,0.717542,0.667,0.7735,5
cpython-3.14.2t,3.14.2,True,False,2.4.6,feature,dcc1fa1,M3,WAIT4,,4,wait_for_newer,event_count,1280,720,100000,16,post_step_p50_ms,ms,-0.0685,-0.070917,-0.056417,5
cpython-3.14.2t,3.14.2,True,False,2.4.6,feature,dcc1fa1,M3,WAIT4,,4,wait_for_newer,event_count,1280,720,100000,16,post_step_p95_ms,ms,0.005667,0.001042,0.005792,5
cpython-3.14.2t,3.14.2,True,False,2.4.6,feature,dcc1fa1,M3,WAIT4,,4,wait_for_newer,event_count,1280,720,100000,16,achieved_over_offered,ratio,1,1,1,5
cpython-3.14.2t,3.14.2,True,False,2.4.6,feature,dcc1fa1,M3,WAIT4,,4,wait_for_newer,event_count,1280,720,100000,16,coverage,ratio,1,1,1,5
cpython-3.14.2t,3.14.2,True,False,2.4.6,feature,dcc1fa1,M3,POLL4,,4,snapshot every 16 ms,event_count,1280,720,100000,16,step_p99_us,us,2192.42,1980,2521.88,5
cpython-3.14.2t,3.14.2,True,False,2.4.6,feature,dcc1fa1,M3,POLL4,,4,snapshot every 16 ms,event_count,1280,720,100000,16,busy_ns_per_event,ns,7.10186,6.89878,9.33986,5
cpython-3.14.2t,3.14.2,True,False,2.4.6,feature,dcc1fa1,M3,POLL4,,4,snapshot every 16 ms,event_count,1280,720,100000,16,freshness_p50_ms,ms,8.17758,8.04958,8.26575,5
cpython-3.14.2t,3.14.2,True,False,2.4.6,feature,dcc1fa1,M3,POLL4,,4,snapshot every 16 ms,event_count,1280,720,100000,16,freshness_p95_ms,ms,18.6886,18.0412,18.9054,5
cpython-3.14.2t,3.14.2,True,False,2.4.6,feature,dcc1fa1,M3,POLL4,,4,snapshot every 16 ms,event_count,1280,720,100000,16,post_step_p50_ms,ms,7.12521,6.04029,7.24758,5
cpython-3.14.2t,3.14.2,True,False,2.4.6,feature,dcc1fa1,M3,POLL4,,4,snapshot every 16 ms,event_count,1280,720,100000,16,post_step_p95_ms,ms,17.9555,17.4594,18.1919,5
cpython-3.14.2t,3.14.2,True,False,2.4.6,feature,dcc1fa1,M3,POLL4,,4,snapshot every 16 ms,event_count,1280,720,100000,16,achieved_over_offered,ratio,1,1,1,5
cpython-3.14.2t,3.14.2,True,False,2.4.6,feature,dcc1fa1,M3,POLL4,,4,snapshot every 16 ms,event_count,1280,720,100000,16,coverage,ratio,0.973529,0.965059,1,5
cpython-3.14.2t,3.14.2,True,False,2.4.6,feature,dcc1fa1,M3,WAIT8,,8,wait_for_newer,event_count,1280,720,100000,16,step_p99_us,us,6775.62,6690.67,6908.08,5
cpython-3.14.2t,3.14.2,True,False,2.4.6,feature,dcc1fa1,M3,WAIT8,,8,wait_for_newer,event_count,1280,720,100000,16,busy_ns_per_event,ns,24.2856,23.5669,24.371,5
cpython-3.14.2t,3.14.2,True,False,2.4.6,feature,dcc1fa1,M3,WAIT8,,8,wait_for_newer,event_count,1280,720,100000,16,freshness_p50_ms,ms,7.82625,7.51754,8.42054,5
cpython-3.14.2t,3.14.2,True,False,2.4.6,feature,dcc1fa1,M3,WAIT8,,8,wait_for_newer,event_count,1280,720,100000,16,freshness_p95_ms,ms,17.4439,17.0716,17.8944,5
cpython-3.14.2t,3.14.2,True,False,2.4.6,feature,dcc1fa1,M3,WAIT8,,8,wait_for_newer,event_count,1280,720,100000,16,post_step_p50_ms,ms,3.95092,3.92829,4.56225,5
cpython-3.14.2t,3.14.2,True,False,2.4.6,feature,dcc1fa1,M3,WAIT8,,8,wait_for_newer,event_count,1280,720,100000,16,post_step_p95_ms,ms,13.9436,13.3606,14.1696,5
cpython-3.14.2t,3.14.2,True,False,2.4.6,feature,dcc1fa1,M3,WAIT8,,8,wait_for_newer,event_count,1280,720,100000,16,achieved_over_offered,ratio,1,1,1,5
cpython-3.14.2t,3.14.2,True,False,2.4.6,feature,dcc1fa1,M3,WAIT8,,8,wait_for_newer,event_count,1280,720,100000,16,coverage,ratio,0.980952,0.977424,0.987216,5
cpython-3.14.2t,3.14.2,True,False,2.4.6,feature,dcc1fa1,M3,POLL8,,8,snapshot every 16 ms,event_count,1280,720,100000,16,step_p99_us,us,5862.29,5794.67,6421.88,5
cpython-3.14.2t,3.14.2,True,False,2.4.6,feature,dcc1fa1,M3,POLL8,,8,snapshot every 16 ms,event_count,1280,720,100000,16,busy_ns_per_event,ns,20.5892,19.7042,21.8107,5
cpython-3.14.2t,3.14.2,True,False,2.4.6,feature,dcc1fa1,M3,POLL8,,8,snapshot every 16 ms,event_count,1280,720,100000,16,freshness_p50_ms,ms,8.90992,8.82342,10.8616,5
cpython-3.14.2t,3.14.2,True,False,2.4.6,feature,dcc1fa1,M3,POLL8,,8,snapshot every 16 ms,event_count,1280,720,100000,16,freshness_p95_ms,ms,18.8426,18.662,19.9976,5
cpython-3.14.2t,3.14.2,True,False,2.4.6,feature,dcc1fa1,M3,POLL8,,8,snapshot every 16 ms,event_count,1280,720,100000,16,post_step_p50_ms,ms,5.78833,5.67779,7.58821,5
cpython-3.14.2t,3.14.2,True,False,2.4.6,feature,dcc1fa1,M3,POLL8,,8,snapshot every 16 ms,event_count,1280,720,100000,16,post_step_p95_ms,ms,16.1977,15.7495,16.6697,5
cpython-3.14.2t,3.14.2,True,False,2.4.6,feature,dcc1fa1,M3,POLL8,,8,snapshot every 16 ms,event_count,1280,720,100000,16,achieved_over_offered,ratio,1,0.9995,1.0005,5
cpython-3.14.2t,3.14.2,True,False,2.4.6,feature,dcc1fa1,M3,POLL8,,8,snapshot every 16 ms,event_count,1280,720,100000,16,coverage,ratio,0.911116,0.896893,0.947443,5
